Gm#,Date,Unnamed: 2,Tm,Unnamed: 4,Opp,W/L,R,RA,Inn,W-L,Rank,GB,Win,Loss,Save,Time,D/N,Attendance,cLI,Streak,Orig. Scheduled,W,L,cum_W,cum_L,WL_perc,Dd,DDD
1,"Thursday, Mar 30",boxscore,TEX,,PHI,W,11,7,,2000-01-01 00:00:00,1,Tied,Ragans,Soto,,03:04:00,D,38387,0.89,+,,1,0,1,0,100.0,"['Thursday', ' Mar 30']",Mar 30
2,"Saturday, Apr 1",boxscore,TEX,,PHI,W,16,3,,2000-02-01 00:00:00,1,up 0.5,Eovaldi,Wheeler,,03:10:00,D,31916,0.9,++,,1,0,2,0,100.0,"['Saturday', ' Apr 1']",Apr 1
3,"Sunday, Apr 2",boxscore,TEX,,PHI,W,2,1,,2000-03-01 00:00:00,1,up 1.0,Pérez,Falter,Smith,02:24:00,N,25823,0.93,+++,,1,0,3,0,100.0,"['Sunday', ' Apr 2']",Apr 2
4,"Monday, Apr 3",boxscore,TEX,,BAL,L,0,2,,2023-03-01 00:00:00,1,Tied,Coulombe,Gray,Bautista,02:18:00,N,15867,1.09,-,,0,1,3,1,75.0,"['Monday', ' Apr 3']",Apr 3
5,"Tuesday, Apr 4",boxscore,TEX,,BAL,L,2,7,,2023-03-02 00:00:00,1,Tied,Gibson,Heaney,,02:30:00,N,16268,1.01,--,,0,1,3,2,60.0,"['Tuesday', ' Apr 4']",Apr 4
6,"Wednesday, Apr 5",boxscore,TEX,,BAL,W,5,2,,2023-04-02 00:00:00,1,Tied,deGrom,Voth,Leclerc,02:19:00,D,18560,0.99,+,,1,0,4,2,66.66666666666666,"['Wednesday', ' Apr 5']",Apr 5
7,"Friday, Apr 7",boxscore,TEX,@,CHC,L,0,2,,2023-04-03 00:00:00,1,Tied,Stroman,Eovaldi,Fulmer,02:17:00,D,29094,0.95,-,,0,1,4,3,57.14285714285714,"['Friday', ' Apr 7']",Apr 7
8,"Saturday, Apr 8",boxscore,TEX,@,CHC,L,3,10,,2023-04-04 00:00:00,2,1,Steele,Pérez,,02:55:00,D,33578,0.96,--,,0,1,4,4,50.0,"['Saturday', ' Apr 8']",Apr 8
9,"Sunday, Apr 9",boxscore,TEX,@,CHC,W,8,2,,2023-05-04 00:00:00,1,Tied,Gray,Taillon,,02:31:00,D,28807,0.91,+,,1,0,5,4,55.55555555555556,"['Sunday', ' Apr 9']",Apr 9
10,"Monday, Apr 10",boxscore,TEX,,KCR,W,11,2,,2023-06-04 00:00:00,1,up 1.0,Heaney,Greinke,,02:30:00,N,17430,0.99,++,,1,0,6,4,60.0,"['Monday', ' Apr 10']",Apr 10
11,"Tuesday, Apr 11",boxscore,TEX,,KCR,W-wo,8,5,10.0,2023-07-04 00:00:00,1,up 1.0,Ragans,Barlow,,02:51:00,N,17760,1.05,+++,,0,1,6,5,54.54545454545454,"['Tuesday', ' Apr 11']",Apr 11
12,"Wednesday, Apr 12",boxscore,TEX,,KCR,L,1,10,,2023-07-05 00:00:00,1,Tied,Keller,Eovaldi,,02:24:00,N,18380,1.07,-,,0,1,6,6,50.0,"['Wednesday', ' Apr 12']",Apr 12
13,"Friday, Apr 14",boxscore,TEX,@,HOU,W,6,2,,2023-08-05 00:00:00,1,up 1.0,Pérez,Garcia,,02:46:00,N,39343,1.12,+,,1,0,7,6,53.84615384615385,"['Friday', ' Apr 14']",Apr 14
14,"Saturday, Apr 15",boxscore,TEX,@,HOU,L,2,8,,2023-08-06 00:00:00,1,up 1.0,Brown,Ragans,,02:35:00,N,39257,1.17,-,,0,1,7,7,50.0,"['Saturday', ' Apr 15']",Apr 15
15,"Sunday, Apr 16",boxscore,TEX,@,HOU,W,9,1,,2023-09-06 00:00:00,1,up 1.5,Burke,Valdez,,02:59:00,N,39122,1.09,+,,1,0,8,7,53.333333333333336,"['Sunday', ' Apr 16']",Apr 16
16,"Monday, Apr 17",boxscore,TEX,@,KCR,W,4,0,,2023-10-06 00:00:00,1,up 2.0,Dunning,Lyles,,02:02:00,N,11068,1.08,++,,1,0,9,7,56.25,"['Monday', ' Apr 17']",Apr 17
17,"Tuesday, Apr 18",boxscore,TEX,@,KCR,W,12,2,,2023-11-06 00:00:00,1,up 2.0,Eovaldi,Keller,,02:40:00,N,12118,1.11,+++,,1,0,10,7,58.82352941176471,"['Tuesday', ' Apr 18']",Apr 18
18,"Wednesday, Apr 19",boxscore,TEX,@,KCR,W,12,3,,2023-12-06 00:00:00,1,up 3.0,Pérez,Singer,,02:40:00,D,10388,1.13,++++,,1,0,11,7,61.111111111111114,"['Wednesday', ' Apr 19']",Apr 19
19,"Friday, Apr 21",boxscore,TEX,,OAK,L,4,5,,2023-12-07 00:00:00,1,up 2.5,Jackson,Smith,Familia,02:56:00,N,28775,1.17,-,,0,1,11,8,57.89473684210527,"['Friday', ' Apr 21']",Apr 21
20,"Saturday, Apr 22",boxscore,TEX,,OAK,W,18,3,,13-7,1,up 2.5,Heaney,Fujinami,,02:45:00,N,32388,1.11,+,,1,0,12,8,60.0,"['Saturday', ' Apr 22']",Apr 22
21,"Sunday, Apr 23",boxscore,TEX,,OAK,W,5,2,,14-7,1,up 2.5,deGrom,Muller,Smith,02:31:00,D,34916,1.17,++,,1,0,13,8,61.904761904761905,"['Sunday', ' Apr 23']",Apr 23
22,"Monday, Apr 24",boxscore,TEX,@,CIN,L-wo,6,7,,14-8,1,up 2.5,Díaz,Leclerc,,02:36:00,N,8810,1.14,-,,0,1,13,9,59.09090909090909,"['Monday', ' Apr 24']",Apr 24
23,"Tuesday, Apr 25",boxscore,TEX,@,CIN,L,6,7,,14-9,1,up 1.5,Sanmartin,Kennedy,Díaz,02:34:00,N,9969,1.15,--,,0,1,13,10,56.52173913043478,"['Tuesday', ' Apr 25']",Apr 25
24,"Wednesday, Apr 26",boxscore,TEX,@,CIN,L-wo,3,5,,14-10,1,up 0.5,Sims,Hernández,,02:34:00,D,10256,1.11,---,,0,1,13,11,54.166666666666664,"['Wednesday', ' Apr 26']",Apr 26
25,"Thursday, Apr 27",boxscore,TEX,,NYY,L,2,4,,14-11,1,Tied,Cole,Heaney,King,02:09:00,N,31325,1.15,----,,0,1,13,12,52.0,"['Thursday', ' Apr 27']",Apr 27
26,"Friday, Apr 28",boxscore,TEX,,NYY,W,5,2,,15-11,1,up 1.0,Dunning,Schmidt,Smith,02:20:00,N,36341,1.12,+,,1,0,14,12,53.84615384615385,"['Friday', ' Apr 28']",Apr 28
27,"Saturday, Apr 29",boxscore,TEX,,NYY,W,2,0,,16-11,1,up 2.0,Eovaldi,Brito,,02:06:00,N,40027,1.15,++,,1,0,15,12,55.55555555555556,"['Saturday', ' Apr 29']",Apr 29
28,"Sunday, Apr 30",boxscore,TEX,,NYY,W,15,2,,17-11,1,up 2.0,Pérez,Cortes,,02:30:00,D,39078,1.19,+++,,1,0,16,12,57.14285714285714,"['Sunday', ' Apr 30']",Apr 30
29,"Tuesday, May 2",boxscore,TEX,,ARI,W,6,4,,18-11,1,up 2.5,Burke,McGough,Smith,02:57:00,N,23086,1.11,++++,,1,0,17,12,58.620689655172406,"['Tuesday', ' May 2']",May 2
30,"Wednesday, May 3",boxscore,TEX,,ARI,L,7,12,,18-12,1,up 1.5,Mantiply,Sborz,,03:05:00,D,21427,1.17,-,,0,1,17,13,56.666666666666664,"['Wednesday', ' May 3']",May 3
31,"Friday, May 5",boxscore,TEX,@,LAA,L-wo,4,5,10.0,18-13,1,Tied,Estévez,Smith,,02:55:00,N,39073,1.35,--,,0,1,17,14,54.83870967741935,"['Friday', ' May 5']",May 5
32,"Saturday, May 6",boxscore,TEX,@,LAA,W,10,1,,19-13,1,up 1.0,Eovaldi,Detmers,,02:48:00,N,37409,1.38,+,,1,0,18,14,56.25,"['Saturday', ' May 6']",May 6
33,"Sunday, May 7",boxscore,TEX,@,LAA,W,16,8,,20-13,1,up 2.0,Sborz,Suarez,,03:06:00,D,41641,1.4,++,,1,0,19,14,57.57575757575758,"['Sunday', ' May 7']",May 7
34,"Monday, May 8",boxscore,TEX,@,SEA,W,2,1,,21-13,1,up 2.0,Gray,Gilbert,Smith,02:16:00,N,15282,1.38,+++,,1,0,20,14,58.82352941176471,"['Monday', ' May 8']",May 8
35,"Tuesday, May 9",boxscore,TEX,@,SEA,L,0,5,,21-14,1,up 2.0,Kirby,Heaney,,02:20:00,N,17638,1.35,-,,0,1,20,15,57.14285714285714,"['Tuesday', ' May 9']",May 9
36,"Wednesday, May 10",boxscore,TEX,@,SEA,W,4,3,,22-14,1,up 3.0,Dunning,Castillo,Smith,02:33:00,D,22480,1.4,+,,1,0,21,15,58.333333333333336,"['Wednesday', ' May 10']",May 10
37,"Thursday, May 11",boxscore,TEX,@,OAK,W,4,0,,23-14,1,up 3.5,Eovaldi,Medina,Smith,02:16:00,N,2949,1.24,++,,1,0,22,15,59.45945945945946,"['Thursday', ' May 11']",May 11
38,"Friday, May 12",boxscore,TEX,@,OAK,L-wo,7,9,10.0,23-15,1,up 2.5,Fujinami,Burke,,03:31:00,N,6575,1.19,-,,0,1,22,16,57.89473684210527,"['Friday', ' May 12']",May 12
39,"Saturday, May 13",boxscore,TEX,@,OAK,W,5,0,,24-15,1,up 3.5,Gray,Kaprielian,,02:18:00,D,8230,1.25,+,,1,0,23,16,58.97435897435898,"['Saturday', ' May 13']",May 13
40,"Sunday, May 14",boxscore,TEX,@,OAK,W,11,3,,25-15,1,up 4.0,Hernández,Pruitt,,02:46:00,D,7793,1.26,++,,1,0,24,16,60.0,"['Sunday', ' May 14']",May 14
41,"Monday, May 15",boxscore,TEX,,ATL,L,0,12,,25-16,1,up 3.0,Morton,Bradford,,02:31:00,N,26791,1.23,-,,0,1,24,17,58.536585365853654,"['Monday', ' May 15']",May 15
42,"Tuesday, May 16",boxscore,TEX,,ATL,W,7,4,,26-16,1,up 3.0,Dunning,Shuster,Smith,02:15:00,N,23246,1.22,+,,1,0,25,17,59.523809523809526,"['Tuesday', ' May 16']",May 16
43,"Wednesday, May 17",boxscore,TEX,,ATL,L,5,6,,26-17,1,up 2.0,Anderson,Burke,Iglesias,02:29:00,N,30035,1.23,-,,0,1,25,18,58.139534883720934,"['Wednesday', ' May 17']",May 17
44,"Friday, May 19",boxscore,TEX,,COL,W,7,2,,27-17,1,up 2.0,Pérez,Kauffmann,,02:23:00,N,30819,1.23,+,,1,0,26,18,59.09090909090909,"['Friday', ' May 19']",May 19
45,"Saturday, May 20",boxscore,TEX,,COL,W,11,5,,28-17,1,up 2.0,Gray,Freeland,,02:57:00,D,34443,1.25,++,,1,0,27,18,60.0,"['Saturday', ' May 20']",May 20
46,"Sunday, May 21",boxscore,TEX,,COL,W,13,3,,29-17,1,up 2.0,Heaney,Seabold,,02:50:00,D,32733,1.29,+++,,1,0,28,18,60.86956521739131,"['Sunday', ' May 21']",May 21
47,"Monday, May 22",boxscore,TEX,@,PIT,L,4,6,,29-18,1,up 1.0,Ortiz,Sborz,,02:29:00,N,10574,1.22,-,,0,1,28,19,59.57446808510638,"['Monday', ' May 22']",May 22
48,"Tuesday, May 23",boxscore,TEX,@,PIT,W,6,1,,30-18,1,up 2.0,Eovaldi,Hill,,02:13:00,N,12061,1.26,+,,1,0,29,19,60.416666666666664,"['Tuesday', ' May 23']",May 23
49,"Wednesday, May 24",boxscore,TEX,@,PIT,W,3,2,,31-18,1,up 3.0,Pérez,Oviedo,Smith,02:21:00,D,18347,1.28,++,,1,0,30,19,61.224489795918366,"['Wednesday', ' May 24']",May 24
50,"Friday, May 26",boxscore,TEX,@,BAL,W,12,2,,32-18,1,up 3.0,Gray,Rodriguez,,02:36:00,N,20293,1.34,+++,,1,0,31,19,62.0,"['Friday', ' May 26']",May 26
51,"Saturday, May 27",boxscore,TEX,@,BAL,W,5,3,,33-18,1,up 3.0,Heaney,Kremer,,02:28:00,D,37939,1.31,++++,,1,0,32,19,62.745098039215684,"['Saturday', ' May 27']",May 27
52,"Sunday, May 28",boxscore,TEX,@,BAL,L,2,3,,33-19,1,up 2.0,Coulombe,Ragans,Bautista,02:30:00,D,25124,1.29,-,,0,1,32,20,61.53846153846154,"['Sunday', ' May 28']",May 28
53,"Monday, May 29",boxscore,TEX,@,DET,W,5,0,,34-19,1,up 3.0,Eovaldi,Boyd,,02:35:00,D,19021,1.33,+,,1,0,33,20,62.264150943396224,"['Monday', ' May 29']",May 29
54,"Tuesday, May 30",boxscore,TEX,@,DET,W,10,6,,35-19,1,up 3.0,Anderson,Faedo,,02:41:00,N,14616,1.33,++,,1,0,34,20,62.96296296296296,"['Tuesday', ' May 30']",May 30
55,"Wednesday, May 31",boxscore,TEX,@,DET,L,2,3,,35-20,1,up 3.0,Vest,Dunning,Lange,02:44:00,D,20968,1.22,-,,0,1,34,21,61.81818181818181,"['Wednesday', ' May 31']",May 31
56,"Friday, Jun 2",boxscore,TEX,,SEA,W,2,0,,36-20,1,up 2.5,Gray,Castillo,Smith,02:05:00,N,31685,1.39,+,,1,0,35,21,62.5,"['Friday', ' Jun 2']",Jun 2
57,"Saturday, Jun 3",boxscore,TEX,,SEA,W,16,6,,37-20,1,up 2.5,Sborz,Woo,,03:01:00,D,34435,1.4,++,,1,0,36,21,63.1578947368421,"['Saturday', ' Jun 3']",Jun 3
58,"Sunday, Jun 4",boxscore,TEX,,SEA,W,12,3,,38-20,1,up 3.5,Eovaldi,Miller,,02:51:00,D,36495,1.28,+++,,1,0,37,21,63.793103448275865,"['Sunday', ' Jun 4']",Jun 4
59,"Monday, Jun 5",boxscore,TEX,,STL,W-wo,4,3,,39-20,1,up 3.5,Smith,Cabrera,,02:33:00,N,25161,1.1,++++,,0,1,37,22,62.71186440677966,"['Monday', ' Jun 5']",Jun 5
60,"Tuesday, Jun 6",boxscore,TEX,,STL,W,6,4,,40-20,1,up 4.5,Dunning,Liberatore,Smith,02:44:00,N,28151,1.09,+++++,,1,0,38,22,63.33333333333333,"['Tuesday', ' Jun 6']",Jun 6
61,"Wednesday, Jun 7",boxscore,TEX,,STL,L,0,1,,40-21,1,up 4.5,Hicks,Gray,Helsley,02:17:00,N,30251,1.03,-,,0,1,38,23,62.295081967213115,"['Wednesday', ' Jun 7']",Jun 7
62,"Friday, Jun 9",boxscore,TEX,@,TBR,L,3,8,,40-22,1,up 5.0,Glasnow,Heaney,,02:20:00,N,17447,1.12,--,,0,1,38,24,61.29032258064516,"['Friday', ' Jun 9']",Jun 9
63,"Saturday, Jun 10",boxscore,TEX,@,TBR,W,8,4,,41-22,1,up 5.0,Eovaldi,Bradley,,02:56:00,D,18932,1.14,+,,1,0,39,24,61.904761904761905,"['Saturday', ' Jun 10']",Jun 10
64,"Sunday, Jun 11",boxscore,TEX,@,TBR,L,3,7,,41-23,1,up 5.0,McClanahan,Pérez,,02:22:00,D,23069,1.11,-,,0,1,39,25,60.9375,"['Sunday', ' Jun 11']",Jun 11
65,"Monday, Jun 12",boxscore,TEX,,LAA,L,6,9,12.0,41-24,1,up 4.5,Bachman,Ragans,,03:49:00,N,26667,1.38,--,,0,1,39,26,60.0,"['Monday', ' Jun 12']",Jun 12
66,"Tuesday, Jun 13",boxscore,TEX,,LAA,L,3,7,,41-25,1,up 3.5,Herget,White,Estévez,02:55:00,N,25832,1.51,---,,0,1,39,27,59.09090909090909,"['Tuesday', ' Jun 13']",Jun 13
67,"Wednesday, Jun 14",boxscore,TEX,,LAA,W,6,3,,42-25,1,up 3.5,Sborz,Herget,,02:39:00,N,25406,1.58,+,,1,0,40,27,59.70149253731343,"['Wednesday', ' Jun 14']",Jun 14
68,"Thursday, Jun 15",boxscore,TEX,,LAA,L,3,5,,42-26,1,up 3.5,Ohtani,Eovaldi,Webb,02:47:00,N,35092,1.54,-,,0,1,40,28,58.82352941176471,"['Thursday', ' Jun 15']",Jun 15
69,"Friday, Jun 16",boxscore,TEX,,TOR,L,1,2,,42-27,1,up 3.5,Gausman,Pérez,Romano,02:28:00,N,34308,1.38,--,,0,1,40,29,57.971014492753625,"['Friday', ' Jun 16']",Jun 16
70,"Saturday, Jun 17",boxscore,TEX,,TOR,W,4,2,,43-27,1,up 4.5,Dunning,Richards,Smith,02:37:00,D,39383,1.41,+,,1,0,41,29,58.57142857142858,"['Saturday', ' Jun 17']",Jun 17
71,"Sunday, Jun 18",boxscore,TEX,,TOR,W,11,7,,44-27,1,up 4.5,King,Pearson,,03:08:00,D,38515,1.35,++,,1,0,42,29,59.154929577464785,"['Sunday', ' Jun 18']",Jun 18
72,"Monday, Jun 19",boxscore,TEX,@,CHW,W,5,2,,45-27,1,up 5.0,Heaney,Banks,Smith,02:47:00,N,19554,1.2,+++,,1,0,43,29,59.72222222222222,"['Monday', ' Jun 19']",Jun 19
73,"Tuesday, Jun 20",boxscore,TEX,@,CHW,L,6,7,,45-28,1,up 5.0,Graveman,Anderson,,02:55:00,N,21048,1.16,-,,0,1,43,30,58.9041095890411,"['Tuesday', ' Jun 20']",Jun 20
74,"Wednesday, Jun 21",boxscore,TEX,@,CHW,W,6,3,,46-28,1,up 5.5,Pérez,Kopech,,02:26:00,N,18963,1.26,+,,1,0,44,30,59.45945945945946,"['Wednesday', ' Jun 21']",Jun 21
75,"Friday, Jun 23",boxscore,TEX,@,NYY,W,4,2,10.0,47-28,1,up 6.5,Barlow,King,Smith,02:36:00,N,44822,1.19,++,,1,0,45,30,60.0,"['Friday', ' Jun 23']",Jun 23
76,"Saturday, Jun 24",boxscore,TEX,@,NYY,L,0,1,,47-29,1,up 6.0,Severino,Gray,Marinaccio,02:28:00,D,46018,1.1,-,,0,1,45,31,59.210526315789465,"['Saturday', ' Jun 24']",Jun 24
77,"Sunday, Jun 25",boxscore,TEX,@,NYY,L,3,5,,47-30,1,up 5.5,Marinaccio,King,King,02:49:00,D,46064,1.21,--,,0,1,45,32,58.44155844155844,"['Sunday', ' Jun 25']",Jun 25
78,"Monday, Jun 26",boxscore,TEX,,DET,L,2,7,,47-31,1,up 5.0,Englert,Heaney,,02:50:00,N,22320,1.22,---,,0,1,45,33,57.692307692307686,"['Monday', ' Jun 26']",Jun 26
79,"Tuesday, Jun 27",boxscore,TEX,,DET,W,8,3,,48-31,1,up 5.0,Sborz,White,,02:32:00,N,22805,1.26,+,,1,0,46,33,58.22784810126582,"['Tuesday', ' Jun 27']",Jun 27
80,"Wednesday, Jun 28",boxscore,TEX,,DET,W,10,2,,49-31,1,up 6.0,Dunning,Wentz,,02:27:00,N,27192,1.21,++,,1,0,47,33,58.75,"['Wednesday', ' Jun 28']",Jun 28
81,"Thursday, Jun 29",boxscore,TEX,,DET,L,5,8,,49-32,1,up 5.0,Englert,Barlow,,02:54:00,D,26977,1.15,-,,0,1,47,34,58.0246913580247,"['Thursday', ' Jun 29']",Jun 29
82,"Friday, Jun 30",boxscore,TEX,,HOU,L,3,5,,49-33,1,up 4.0,Blanco,Gray,Pressly,02:26:00,N,39174,1.62,--,,0,1,47,35,57.3170731707317,"['Friday', ' Jun 30']",Jun 30
83,"Saturday, Jul 1",boxscore,TEX,,HOU,W,5,2,,50-33,1,up 5.0,Eovaldi,Brown,,02:41:00,D,40380,1.72,+,,1,0,48,35,57.831325301204814,"['Saturday', ' Jul 1']",Jul 1
84,"Sunday, Jul 2",boxscore,TEX,,HOU,L,3,5,,50-34,1,up 4.0,Neris,Sborz,Pressly,02:41:00,D,39580,1.64,-,,0,1,48,36,57.14285714285714,"['Sunday', ' Jul 2']",Jul 2
85,"Monday, Jul 3",boxscore,TEX,,HOU,L,11,12,,50-35,1,up 3.0,Abreu,Smith,Pressly,03:04:00,D,38936,1.75,--,,0,1,48,37,56.470588235294116,"['Monday', ' Jul 3']",Jul 3
86,"Tuesday, Jul 4",boxscore,TEX,@,BOS,W,6,2,,51-35,1,up 3.0,Dunning,Ort,Smith,02:40:00,D,36136,1.47,+,,1,0,49,37,56.97674418604651,"['Tuesday', ' Jul 4']",Jul 4
87,"Wednesday, Jul 5",boxscore,TEX,@,BOS,L,2,4,,51-36,1,up 2.0,Bello,Gray,Jansen,02:21:00,N,31568,1.37,-,,0,1,49,38,56.32183908045977,"['Wednesday', ' Jul 5']",Jul 5
88,"Thursday, Jul 6",boxscore,TEX,@,BOS,L,6,10,,51-37,1,up 2.0,Winckowski,Sborz,,03:14:00,N,33847,1.45,--,,0,1,49,39,55.68181818181818,"['Thursday', ' Jul 6']",Jul 6
89,"Friday, Jul 7",boxscore,TEX,@,WSN,W,7,2,,52-37,1,up 3.0,Bradford,Williams,,02:27:00,N,19322,1.43,+,,1,0,50,39,56.17977528089888,"['Friday', ' Jul 7']",Jul 7
90,"Saturday, Jul 8",boxscore,TEX,@,WSN,L,3,8,,52-38,1,up 2.0,Irvin,Heaney,,02:12:00,D,29402,1.39,-,,0,1,50,40,55.55555555555556,"['Saturday', ' Jul 8']",Jul 8
91,"Sunday, Jul 9",boxscore,TEX,@,WSN,L,2,7,,52-39,1,up 2.0,Corbin,Dunning,,02:25:00,D,17547,1.48,--,,0,1,50,41,54.94505494505495,"['Sunday', ' Jul 9']",Jul 9
92,"Friday, Jul 14",boxscore,TEX,,CLE,W,12,4,,53-39,1,up 2.0,Burke,Hentges,,02:51:00,N,33863,1.63,+,,1,0,51,41,55.434782608695656,"['Friday', ' Jul 14']",Jul 14
93,"Saturday, Jul 15",boxscore,TEX,,CLE,W,2,0,,54-39,1,up 3.0,Heaney,Williams,Chapman,02:28:00,D,37730,1.58,++,,1,0,52,41,55.91397849462365,"['Saturday', ' Jul 15']",Jul 15
94,"Sunday, Jul 16",boxscore,TEX,,CLE,W,6,5,,55-39,1,up 3.0,Bradford,Stephan,Smith,02:43:00,D,33957,1.46,+++,,1,0,53,41,56.38297872340425,"['Sunday', ' Jul 16']",Jul 16
95,"Monday, Jul 17",boxscore,TEX,,TBR,W-wo,3,2,,56-39,1,up 3.5,Chapman,Fairbanks,,02:07:00,N,29901,1.42,++++,,0,1,53,42,55.78947368421052,"['Monday', ' Jul 17']",Jul 17
96,"Tuesday, Jul 18",boxscore,TEX,,TBR,W,5,3,,57-39,1,up 4.5,Eovaldi,Bradley,Smith,02:37:00,N,34677,1.34,+++++,,1,0,54,42,56.25,"['Tuesday', ' Jul 18']",Jul 18
97,"Wednesday, Jul 19",boxscore,TEX,,TBR,W,5,1,,58-39,1,up 4.5,Burke,Littell,,02:38:00,D,31591,1.25,++++++,,1,0,55,42,56.70103092783505,"['Wednesday', ' Jul 19']",Jul 19
98,"Friday, Jul 21",boxscore,TEX,,LAD,L,5,11,,58-40,1,up 3.0,Brasier,Speas,,03:21:00,N,39808,1.18,-,,0,1,55,43,56.12244897959183,"['Friday', ' Jul 21']",Jul 21
99,"Saturday, Jul 22",boxscore,TEX,,LAD,L,3,16,,58-41,1,up 3.0,Miller,Dunning,,02:50:00,D,40738,1.34,--,,0,1,55,44,55.55555555555556,"['Saturday', ' Jul 22']",Jul 22
100,"Sunday, Jul 23",boxscore,TEX,,LAD,W,8,4,,59-41,1,up 3.0,Pérez,Sheehan,,02:23:00,D,39632,1.34,+,,1,0,56,44,56.00000000000001,"['Sunday', ' Jul 23']",Jul 23
1,"Thursday, Mar 30",boxscore,HOU,,CHW,L,2,3,,0-1,4,1,Graveman,Pressly,López,02:38:00,N,43032,0.92,-,,0,1,0,1,0.0,"['Thursday', ' Mar 30']",Mar 30
2,"Friday, Mar 31",boxscore,HOU,,CHW,W,6,3,,2023-01-01 00:00:00,3,0.5,Martinez,Graveman,Montero,02:40:00,N,41453,0.92,+,,1,0,1,1,50.0,"['Friday', ' Mar 31']",Mar 31
3,"Saturday, Apr 1",boxscore,HOU,,CHW,W,6,4,,2023-02-01 00:00:00,2,0.5,Stanek,Kelly,Neris,03:11:00,D,37519,0.93,++,,1,0,2,1,66.66666666666666,"['Saturday', ' Apr 1']",Apr 1
4,"Sunday, Apr 2",boxscore,HOU,,CHW,L,3,6,,2023-02-02 00:00:00,3,1.5,Clevinger,Garcia,,03:06:00,D,42835,1.0,-,,0,1,2,2,50.0,"['Sunday', ' Apr 2']",Apr 2
5,"Monday, Apr 3",boxscore,HOU,,DET,L,6,7,11.0,2023-02-03 00:00:00,3,1.5,Wingenter,Neris,Hill,03:21:00,N,29272,0.93,--,,0,1,2,3,40.0,"['Monday', ' Apr 3']",Apr 3
6,"Tuesday, Apr 4",boxscore,HOU,,DET,L,3,6,,2023-02-04 00:00:00,4,1.5,Manning,Valdez,,02:32:00,N,30613,0.87,---,,0,1,2,4,33.33333333333333,"['Tuesday', ' Apr 4']",Apr 4
7,"Wednesday, Apr 5",boxscore,HOU,,DET,W,8,2,,2023-03-04 00:00:00,3,1.5,Javier,Rodriguez,,02:35:00,D,37932,0.84,+,,1,0,3,4,42.857142857142854,"['Wednesday', ' Apr 5']",Apr 5
8,"Friday, Apr 7",boxscore,HOU,@,MIN,L-wo,2,3,10.0,2023-03-05 00:00:00,3,1.5,López,Stanek,,02:47:00,D,38465,0.89,-,,0,1,3,5,37.5,"['Friday', ' Apr 7']",Apr 7
9,"Saturday, Apr 8",boxscore,HOU,@,MIN,L,6,9,,2023-03-06 00:00:00,4,2.5,Ryan,Martinez,Duran,02:27:00,D,26330,0.87,--,,0,1,3,6,33.33333333333333,"['Saturday', ' Apr 8']",Apr 8
10,"Sunday, Apr 9",boxscore,HOU,@,MIN,W,5,1,,2023-04-06 00:00:00,3,1.5,Brown,Mahle,,02:33:00,D,14316,0.8,+,,1,0,4,6,40.0,"['Sunday', ' Apr 9']",Apr 9
11,"Monday, Apr 10",boxscore,HOU,@,PIT,W,8,2,,2023-05-06 00:00:00,3,1.5,Valdez,Contreras,,02:39:00,N,10222,0.82,++,,1,0,5,6,45.45454545454545,"['Monday', ' Apr 10']",Apr 10
12,"Tuesday, Apr 11",boxscore,HOU,@,PIT,L-wo,4,7,,2023-05-07 00:00:00,3,2.5,Bednar,Pressly,,02:30:00,N,9996,0.87,-,,0,1,5,7,41.66666666666667,"['Tuesday', ' Apr 11']",Apr 11
13,"Wednesday, Apr 12",boxscore,HOU,@,PIT,W,7,0,,2023-06-07 00:00:00,3,1.5,Urquidy,Hill,,02:51:00,D,10064,0.83,+,,1,0,6,7,46.15384615384615,"['Wednesday', ' Apr 12']",Apr 12
14,"Friday, Apr 14",boxscore,HOU,,TEX,L,2,6,,2023-06-08 00:00:00,3,2.5,Pérez,Garcia,,02:46:00,N,39343,0.98,-,,0,1,6,8,42.857142857142854,"['Friday', ' Apr 14']",Apr 14
15,"Saturday, Apr 15",boxscore,HOU,,TEX,W,8,2,,2023-07-08 00:00:00,3,1.5,Brown,Ragans,,02:35:00,N,39257,0.96,+,,1,0,7,8,46.666666666666664,"['Saturday', ' Apr 15']",Apr 15
16,"Sunday, Apr 16",boxscore,HOU,,TEX,L,1,9,,2023-07-09 00:00:00,4,2.5,Burke,Valdez,,02:59:00,N,39122,0.98,-,,0,1,7,9,43.75,"['Sunday', ' Apr 16']",Apr 16
17,"Monday, Apr 17",boxscore,HOU,,TOR,W,9,2,,2023-08-09 00:00:00,3,2.5,Javier,Gausman,,02:45:00,N,30873,0.85,+,,1,0,8,9,47.05882352941176,"['Monday', ' Apr 17']",Apr 17
18,"Tuesday, Apr 18",boxscore,HOU,,TOR,L,2,4,,2023-08-10 00:00:00,3,3.5,Bassitt,Urquidy,Romano,02:47:00,N,32602,0.92,-,,0,1,8,10,44.44444444444444,"['Tuesday', ' Apr 18']",Apr 18
19,"Wednesday, Apr 19",boxscore,HOU,,TOR,W,8,1,,2023-09-10 00:00:00,3,3.5,Garcia,Berríos,,02:24:00,N,40545,0.86,+,,1,0,9,10,47.368421052631575,"['Wednesday', ' Apr 19']",Apr 19
20,"Friday, Apr 21",boxscore,HOU,@,ATL,W,6,4,,2023-10-10 00:00:00,2,2.5,Neris,Minter,Pressly,02:50:00,N,41397,0.89,++,,1,0,10,10,50.0,"['Friday', ' Apr 21']",Apr 21
21,"Saturday, Apr 22",boxscore,HOU,@,ATL,W,6,3,,2023-11-10 00:00:00,2,2.5,Valdez,Wright,Abreu,02:22:00,N,42399,0.89,+++,,1,0,11,10,52.38095238095239,"['Saturday', ' Apr 22']",Apr 22
22,"Sunday, Apr 23",boxscore,HOU,@,ATL,W,5,2,,2023-12-10 00:00:00,2,2.5,Neris,Minter,Abreu,02:52:00,D,41530,0.93,++++,,1,0,12,10,54.54545454545454,"['Sunday', ' Apr 23']",Apr 23
23,"Monday, Apr 24",boxscore,HOU,@,TBR,L,3,8,,2023-12-11 00:00:00,2,2.5,Bradley,Urquidy,,02:46:00,N,10611,1.0,-,,0,1,12,11,52.17391304347826,"['Monday', ' Apr 24']",Apr 24
24,"Tuesday, Apr 25",boxscore,HOU,@,TBR,W,5,0,,13-11,2,1.5,Garcia,Rasmussen,,02:44:00,N,9916,1.0,+,,1,0,13,11,54.166666666666664,"['Tuesday', ' Apr 25']",Apr 25
25,"Wednesday, Apr 26",boxscore,HOU,@,TBR,W,1,0,,14-11,2,0.5,Brown,Faucher,Pressly,02:07:00,N,14168,1.07,++,,1,0,14,11,56.00000000000001,"['Wednesday', ' Apr 26']",Apr 26
26,"Friday, Apr 28",boxscore,HOU,,PHI,L,1,3,,14-12,2,1,Nola,Valdez,Alvarado,02:26:00,N,40719,1.08,-,,0,1,14,12,53.84615384615385,"['Friday', ' Apr 28']",Apr 28
27,"Saturday, Apr 29",boxscore,HOU,,PHI,L,1,6,,14-13,2,2,Wheeler,Javier,,02:51:00,D,41240,1.03,--,,0,1,14,13,51.85185185185185,"['Saturday', ' Apr 29']",Apr 29
28,"Sunday, Apr 30",boxscore,HOU,,PHI,W,4,3,,15-13,2,2,Urquidy,Falter,Pressly,02:46:00,N,41669,0.95,+,,1,0,15,13,53.57142857142857,"['Sunday', ' Apr 30']",Apr 30
29,"Monday, May 1",boxscore,HOU,,SFG,W,7,3,,16-13,2,1.5,Stanek,Hjelle,,02:38:00,N,30915,0.98,++,,1,0,16,13,55.172413793103445,"['Monday', ' May 1']",May 1
30,"Tuesday, May 2",boxscore,HOU,,SFG,L,0,2,,16-14,2,2.5,DeSclafani,Brown,Doval,02:39:00,N,31701,1.02,-,,0,1,16,14,53.333333333333336,"['Tuesday', ' May 2']",May 2
31,"Wednesday, May 3",boxscore,HOU,,SFG,L,2,4,,16-15,3,2.5,Webb,Valdez,Doval,02:14:00,D,40405,0.98,--,,0,1,16,15,51.61290322580645,"['Wednesday', ' May 3']",May 3
32,"Friday, May 5",boxscore,HOU,@,SEA,W,6,4,,17-15,3,1.5,Abreu,Brash,Pressly,02:23:00,N,32944,1.02,+,,1,0,17,15,53.125,"['Friday', ' May 5']",May 5
33,"Saturday, May 6",boxscore,HOU,@,SEA,L,5,7,,17-16,3,2.5,Saucedo,Montero,,02:35:00,N,40328,1.06,-,,0,1,17,16,51.515151515151516,"['Saturday', ' May 6']",May 6
34,"Sunday, May 7",boxscore,HOU,@,SEA,L,1,3,,17-17,3,3.5,Miller,Bielak,Topa,02:42:00,D,42277,1.02,--,,0,1,17,17,50.0,"['Sunday', ' May 7']",May 7
35,"Monday, May 8",boxscore,HOU,@,LAA,L,4,6,,17-18,3,4.5,Moore,Montero,Estévez,02:29:00,N,26064,1.06,---,,0,1,17,18,48.57142857142857,"['Monday', ' May 8']",May 8
36,"Tuesday, May 9",boxscore,HOU,@,LAA,W,3,1,,18-18,3,3.5,Valdez,Ohtani,Pressly,02:16:00,N,29018,0.96,+,,1,0,18,18,50.0,"['Tuesday', ' May 9']",May 9
37,"Wednesday, May 10",boxscore,HOU,@,LAA,W,5,4,,19-18,3,3.5,Javier,Canning,Pressly,02:38:00,D,20420,1.03,++,,1,0,19,18,51.35135135135135,"['Wednesday', ' May 10']",May 10
38,"Friday, May 12",boxscore,HOU,@,CHW,W,5,1,,20-18,3,3,France,Kopech,,02:39:00,N,18673,0.95,+++,,1,0,20,18,52.63157894736842,"['Friday', ' May 12']",May 12
39,"Saturday, May 13",boxscore,HOU,@,CHW,L,1,3,,20-19,3,4,Kelly,Montero,Graveman,02:37:00,N,23242,1.02,-,,0,1,20,19,51.28205128205128,"['Saturday', ' May 13']",May 13
40,"Sunday, May 14",boxscore,HOU,@,CHW,W,4,3,,21-19,2,4,Brown,Giolito,Pressly,02:33:00,D,18347,0.93,+,,1,0,21,19,52.5,"['Sunday', ' May 14']",May 14
41,"Monday, May 15",boxscore,HOU,,CHC,W,6,4,,22-19,2,3,Montero,Fulmer,Neris,02:35:00,N,35413,0.97,++,,1,0,22,19,53.65853658536586,"['Monday', ' May 15']",May 15
42,"Tuesday, May 16",boxscore,HOU,,CHC,W,7,3,,23-19,2,3,Javier,Steele,,02:19:00,N,34280,1.05,+++,,1,0,23,19,54.761904761904766,"['Tuesday', ' May 16']",May 16
43,"Wednesday, May 17",boxscore,HOU,,CHC,W-wo,7,6,,24-19,2,2,Abreu,Hughes,,02:50:00,N,35749,1.06,++++,,0,1,23,20,53.48837209302325,"['Wednesday', ' May 17']",May 17
44,"Friday, May 19",boxscore,HOU,,OAK,W,5,1,,25-19,2,2,Bielak,Waldichuk,,02:48:00,N,34931,1.16,+++++,,1,0,24,20,54.54545454545454,"['Friday', ' May 19']",May 19
45,"Saturday, May 20",boxscore,HOU,,OAK,W,3,2,,26-19,2,2,Neris,Lovelady,Pressly,02:35:00,D,35475,1.09,++++++,,1,0,25,20,55.55555555555556,"['Saturday', ' May 20']",May 20
46,"Sunday, May 21",boxscore,HOU,,OAK,W,2,0,,27-19,2,2,Valdez,Kaprielian,,02:26:00,D,39820,1.17,+++++++,,1,0,26,20,56.52173913043478,"['Sunday', ' May 21']",May 21
47,"Monday, May 22",boxscore,HOU,@,MIL,W,12,2,,28-19,2,1,Javier,Burnes,,02:41:00,N,22583,1.18,++++++++,,1,0,27,20,57.446808510638306,"['Monday', ' May 22']",May 22
48,"Tuesday, May 23",boxscore,HOU,@,MIL,L,0,6,,28-20,2,2,Rea,France,,02:36:00,N,23062,1.23,-,,0,1,27,21,56.25,"['Tuesday', ' May 23']",May 23
49,"Wednesday, May 24",boxscore,HOU,@,MIL,L,0,4,,28-21,2,3,Houser,Bielak,,02:09:00,D,28262,1.16,--,,0,1,27,22,55.10204081632652,"['Wednesday', ' May 24']",May 24
50,"Friday, May 26",boxscore,HOU,@,OAK,W,5,2,,29-21,2,3,Brown,Kaprielian,Pressly,02:23:00,N,13345,1.15,+,,1,0,28,22,56.00000000000001,"['Friday', ' May 26']",May 26
51,"Saturday, May 27",boxscore,HOU,@,OAK,W,6,3,,30-21,2,3,Valdez,Pruitt,Pressly,02:41:00,D,9293,1.2,++,,1,0,29,22,56.86274509803921,"['Saturday', ' May 27']",May 27
52,"Sunday, May 28",boxscore,HOU,@,OAK,W,10,1,,31-21,2,2,Javier,Medina,,02:37:00,D,8809,1.16,+++,,1,0,30,22,57.692307692307686,"['Sunday', ' May 28']",May 28
53,"Monday, May 29",boxscore,HOU,,MIN,L,5,7,10.0,31-22,2,3,Duran,Abreu,,02:56:00,D,40744,1.32,-,,0,1,30,23,56.60377358490566,"['Monday', ' May 29']",May 29
54,"Tuesday, May 30",boxscore,HOU,,MIN,W,5,1,,32-22,2,3,Bielak,Ryan,,02:30:00,N,34604,1.25,+,,1,0,31,23,57.407407407407405,"['Tuesday', ' May 30']",May 30
55,"Wednesday, May 31",boxscore,HOU,,MIN,L,2,8,,32-23,2,3,Varland,Brown,,02:50:00,N,37127,1.28,-,,0,1,31,24,56.36363636363636,"['Wednesday', ' May 31']",May 31
56,"Thursday, Jun 1",boxscore,HOU,,LAA,W,5,2,,33-23,2,2.5,Blanco,Detmers,Pressly,02:36:00,N,34037,1.36,+,,1,0,32,24,57.14285714285714,"['Thursday', ' Jun 1']",Jun 1
57,"Friday, Jun 2",boxscore,HOU,,LAA,W,6,2,,34-23,2,2.5,Valdez,Ohtani,,02:36:00,N,38692,1.35,++,,1,0,33,24,57.89473684210527,"['Friday', ' Jun 2']",Jun 2
58,"Saturday, Jun 3",boxscore,HOU,,LAA,W,9,6,,35-23,2,2.5,Javier,Sandoval,,03:12:00,D,39222,1.36,+++,,1,0,34,24,58.620689655172406,"['Saturday', ' Jun 3']",Jun 3
59,"Sunday, Jun 4",boxscore,HOU,,LAA,L,1,2,,35-24,2,3.5,Devenski,Maton,Estévez,02:20:00,D,40831,1.37,-,,0,1,34,25,57.6271186440678,"['Sunday', ' Jun 4']",Jun 4
60,"Monday, Jun 5",boxscore,HOU,@,TOR,W,11,4,,36-24,2,3.5,Bielak,Manoah,,03:01:00,N,23982,1.33,+,,1,0,35,25,58.333333333333336,"['Monday', ' Jun 5']",Jun 5
61,"Tuesday, Jun 6",boxscore,HOU,@,TOR,L,1,5,,36-25,2,4.5,Gausman,Brown,,02:23:00,N,30079,1.33,-,,0,1,35,26,57.377049180327866,"['Tuesday', ' Jun 6']",Jun 6
62,"Wednesday, Jun 7",boxscore,HOU,@,TOR,L,2,3,,36-26,2,4.5,Bassitt,Neris,Romano,02:03:00,N,26724,1.26,--,,0,1,35,27,56.451612903225815,"['Wednesday', ' Jun 7']",Jun 7
63,"Thursday, Jun 8",boxscore,HOU,@,TOR,L,2,3,,36-27,2,5,Berríos,Valdez,Romano,02:34:00,N,28284,1.29,---,,0,1,35,28,55.55555555555556,"['Thursday', ' Jun 8']",Jun 8
64,"Friday, Jun 9",boxscore,HOU,@,CLE,L-wo,9,10,14.0,36-28,2,5,Curry,Martinez,,04:03:00,N,31787,1.21,----,,0,1,35,29,54.6875,"['Friday', ' Jun 9']",Jun 9
65,"Saturday, Jun 10",boxscore,HOU,@,CLE,W,6,4,,37-28,2,5,France,McKenzie,Pressly,02:52:00,N,35087,1.19,+,,1,0,36,29,55.38461538461539,"['Saturday', ' Jun 10']",Jun 10
66,"Sunday, Jun 11",boxscore,HOU,@,CLE,L,0,5,,37-29,2,5,Bieber,Bielak,,02:19:00,D,26318,1.22,-,,0,1,36,30,54.54545454545454,"['Sunday', ' Jun 11']",Jun 11
67,"Tuesday, Jun 13",boxscore,HOU,,WSN,W,6,1,,38-29,2,3.5,Brown,Corbin,,02:30:00,N,39546,1.21,+,,1,0,37,30,55.223880597014926,"['Tuesday', ' Jun 13']",Jun 13
68,"Wednesday, Jun 14",boxscore,HOU,,WSN,W-wo,5,4,,39-29,2,3.5,Pressly,Harvey,,02:24:00,N,39796,1.25,++,,0,1,37,31,54.41176470588235,"['Wednesday', ' Jun 14']",Jun 14
69,"Thursday, Jun 15",boxscore,HOU,,WSN,L,1,4,10.0,39-30,2,3.5,Harvey,Maton,Edwards,03:12:00,N,38303,1.24,-,,0,1,37,32,53.62318840579711,"['Thursday', ' Jun 15']",Jun 15
70,"Friday, Jun 16",boxscore,HOU,,CIN,L,1,2,,39-31,2,3.5,Abbott,France,Díaz,02:21:00,N,38621,1.27,--,,0,1,37,33,52.85714285714286,"['Friday', ' Jun 16']",Jun 16
71,"Saturday, Jun 17",boxscore,HOU,,CIN,L,3,10,,39-32,2,4.5,Greene,Bielak,,02:52:00,D,40136,1.2,---,,0,1,37,34,52.112676056338024,"['Saturday', ' Jun 17']",Jun 17
72,"Sunday, Jun 18",boxscore,HOU,,CIN,L,7,9,10.0,39-33,3,5.5,Gibaut,Martinez,Young,03:12:00,D,40573,1.16,----,,0,1,37,35,51.388888888888886,"['Sunday', ' Jun 18']",Jun 18
73,"Monday, Jun 19",boxscore,HOU,,NYM,L,1,11,,39-34,3,6.5,Scherzer,Brown,,02:38:00,N,33185,1.08,-----,,0,1,37,36,50.68493150684932,"['Monday', ' Jun 19']",Jun 19
74,"Tuesday, Jun 20",boxscore,HOU,,NYM,W,4,2,,40-34,3,5.5,Valdez,Verlander,Pressly,02:11:00,N,34606,1.05,+,,1,0,38,36,51.35135135135135,"['Tuesday', ' Jun 20']",Jun 20
75,"Wednesday, Jun 21",boxscore,HOU,,NYM,W,10,8,,41-34,2,5.5,Maton,Leone,Pressly,03:32:00,D,38279,1.11,++,,1,0,39,36,52.0,"['Wednesday', ' Jun 21']",Jun 21
76,"Friday, Jun 23",boxscore,HOU,@,LAD,L,2,3,,41-35,2,6.5,Sheehan,France,Graterol,02:08:00,N,49795,1.14,-,,0,1,39,37,51.31578947368421,"['Friday', ' Jun 23']",Jun 23
77,"Saturday, Jun 24",boxscore,HOU,@,LAD,L,7,8,,41-36,3,6.5,Bickford,Abreu,Phillips,02:51:00,D,49218,1.09,--,,0,1,39,38,50.649350649350644,"['Saturday', ' Jun 24']",Jun 24
78,"Sunday, Jun 25",boxscore,HOU,@,LAD,W,6,5,11.0,42-36,2,5.5,Pressly,Almonte,Martinez,03:04:00,D,47273,1.08,+,,1,0,40,38,51.28205128205128,"['Sunday', ' Jun 25']",Jun 25
79,"Tuesday, Jun 27",boxscore,HOU,@,STL,L,2,4,,42-37,3,6,Montgomery,Valdez,Hicks,02:26:00,N,41512,1.15,-,,0,1,40,39,50.63291139240506,"['Tuesday', ' Jun 27']",Jun 27
80,"Wednesday, Jun 28",boxscore,HOU,@,STL,W,10,7,,43-37,2,6,Martinez,Gallegos,Pressly,03:10:00,N,41452,1.08,+,,1,0,41,39,51.24999999999999,"['Wednesday', ' Jun 28']",Jun 28
81,"Thursday, Jun 29",boxscore,HOU,@,STL,W,14,0,,44-37,2,5,France,Wainwright,,02:48:00,N,42504,1.13,++,,1,0,42,39,51.85185185185185,"['Thursday', ' Jun 29']",Jun 29
82,"Friday, Jun 30",boxscore,HOU,@,TEX,W,5,3,,45-37,2,4,Blanco,Gray,Pressly,02:26:00,N,39174,1.63,+++,,1,0,43,39,52.4390243902439,"['Friday', ' Jun 30']",Jun 30
83,"Saturday, Jul 1",boxscore,HOU,@,TEX,L,2,5,,45-38,2,5,Eovaldi,Brown,,02:41:00,D,40380,1.76,-,,0,1,43,40,51.80722891566265,"['Saturday', ' Jul 1']",Jul 1
84,"Sunday, Jul 2",boxscore,HOU,@,TEX,W,5,3,,46-38,2,4,Neris,Sborz,Pressly,02:41:00,D,39580,1.66,+,,1,0,44,40,52.38095238095239,"['Sunday', ' Jul 2']",Jul 2
85,"Monday, Jul 3",boxscore,HOU,@,TEX,W,12,11,,47-38,2,3,Abreu,Smith,Pressly,03:04:00,D,38936,1.79,++,,1,0,45,40,52.94117647058824,"['Monday', ' Jul 3']",Jul 3
86,"Tuesday, Jul 4",boxscore,HOU,,COL,W,4,1,,48-38,2,3,Bielak,Freeland,,02:26:00,D,39533,1.44,+++,,1,0,46,40,53.48837209302325,"['Tuesday', ' Jul 4']",Jul 4
87,"Wednesday, Jul 5",boxscore,HOU,,COL,W,6,4,,49-38,2,2,France,Anderson,Pressly,02:28:00,D,36535,1.43,++++,,1,0,47,40,54.02298850574713,"['Wednesday', ' Jul 5']",Jul 5
88,"Thursday, Jul 6",boxscore,HOU,,SEA,L,1,5,,49-39,2,2,Kirby,Blanco,,02:30:00,N,40562,1.62,-,,0,1,47,41,53.40909090909091,"['Thursday', ' Jul 6']",Jul 6
89,"Friday, Jul 7",boxscore,HOU,,SEA,L,1,10,,49-40,2,3,Castillo,Brown,,02:39:00,N,34737,1.66,--,,0,1,47,42,52.80898876404494,"['Friday', ' Jul 7']",Jul 7
90,"Saturday, Jul 8",boxscore,HOU,,SEA,W,3,2,,50-40,2,2,Neris,Muñoz,Pressly,02:46:00,N,37112,1.62,+,,1,0,48,42,53.333333333333336,"['Saturday', ' Jul 8']",Jul 8
91,"Sunday, Jul 9",boxscore,HOU,,SEA,L,1,3,,50-41,2,2,Gilbert,Bielak,Sewald,02:28:00,D,39421,1.7,-,,0,1,48,43,52.74725274725275,"['Sunday', ' Jul 9']",Jul 9
92,"Friday, Jul 14",boxscore,HOU,@,LAA,W,7,5,,51-41,2,2,Maton,Ohtani,Pressly,03:11:00,N,38850,1.63,+,,1,0,49,43,53.2608695652174,"['Friday', ' Jul 14']",Jul 14
93,"Saturday, Jul 15",boxscore,HOU,@,LAA,L-wo,12,13,10.0,51-42,2,3,Estévez,Maton,,03:31:00,N,37523,1.62,-,,0,1,49,44,52.68817204301075,"['Saturday', ' Jul 15']",Jul 15
94,"Sunday, Jul 16",boxscore,HOU,@,LAA,W,9,8,,52-42,2,3,Montero,Barria,Maton,03:31:00,D,34679,1.53,+,,1,0,50,44,53.191489361702125,"['Sunday', ' Jul 16']",Jul 16
95,"Tuesday, Jul 18",boxscore,HOU,@,COL,L,3,4,,52-43,2,4.5,Abad,Brown,Lawrence,02:37:00,N,43871,1.48,-,,0,1,50,45,52.63157894736842,"['Tuesday', ' Jul 18']",Jul 18
96,"Wednesday, Jul 19",boxscore,HOU,@,COL,W,4,1,,53-43,2,4.5,Bielak,Gomber,,02:38:00,D,36937,1.41,+,,1,0,51,45,53.125,"['Wednesday', ' Jul 19']",Jul 19
97,"Thursday, Jul 20",boxscore,HOU,@,OAK,W,3,1,,54-43,2,4,France,Harris,Pressly,02:12:00,N,4757,1.4,++,,1,0,52,45,53.608247422680414,"['Thursday', ' Jul 20']",Jul 20
98,"Friday, Jul 21",boxscore,HOU,@,OAK,W,6,4,,55-43,2,3,Valdez,Sears,Pressly,02:40:00,N,6810,1.46,+++,,1,0,53,45,54.08163265306123,"['Friday', ' Jul 21']",Jul 21
99,"Saturday, Jul 22",boxscore,HOU,@,OAK,L,1,4,,55-44,2,3,Pruitt,Javier,May,02:57:00,N,14507,1.48,-,,0,1,53,46,53.535353535353536,"['Saturday', ' Jul 22']",Jul 22
100,"Sunday, Jul 23",boxscore,HOU,@,OAK,W,3,2,,56-44,2,3,Neris,Smith,Abreu,02:36:00,D,11231,1.53,+,,1,0,54,46,54.0,"['Sunday', ' Jul 23']",Jul 23
1,"Thursday, Mar 30",boxscore,SEA,,CLE,W,3,0,,2000-01-01 00:00:00,1,Tied,Sewald,Karinchak,Muñoz,02:14:00,N,45268,0.95,+,,1,0,1,0,100.0,"['Thursday', ' Mar 30']",Mar 30
2,"Friday, Mar 31",boxscore,SEA,,CLE,L,4,9,,2023-01-01 00:00:00,3,0.5,Sandlin,Ray,,03:05:00,N,31516,0.99,-,,0,1,1,1,50.0,"['Friday', ' Mar 31']",Mar 31
3,"Saturday, Apr 1",boxscore,SEA,,CLE,L,0,2,,2023-01-02 00:00:00,5,1.5,Civale,Gilbert,Clase,02:04:00,N,44250,0.95,--,,0,1,1,2,33.33333333333333,"['Saturday', ' Apr 1']",Apr 1
4,"Sunday, Apr 2",boxscore,SEA,,CLE,L,5,6,10.0,2023-01-03 00:00:00,5,2.5,De Los Santos,Murfee,Stephan,02:57:00,D,34045,0.88,---,,0,1,1,3,25.0,"['Sunday', ' Apr 2']",Apr 2
5,"Monday, Apr 3",boxscore,SEA,,LAA,L,3,7,,2023-01-04 00:00:00,5,2.5,Tepera,Kirby,,02:49:00,N,18877,0.9,----,,0,1,1,4,20.0,"['Monday', ' Apr 3']",Apr 3
6,"Tuesday, Apr 4",boxscore,SEA,,LAA,W,11,2,,2023-02-04 00:00:00,4,1.5,Castillo,Suarez,,02:31:00,N,19255,0.81,+,,1,0,2,4,33.33333333333333,"['Tuesday', ' Apr 4']",Apr 4
7,"Wednesday, Apr 5",boxscore,SEA,,LAA,L,3,4,,2023-02-05 00:00:00,5,2.5,Ohtani,Flexen,Quijada,02:55:00,D,25648,0.89,-,,0,1,2,5,28.57142857142857,"['Wednesday', ' Apr 5']",Apr 5
8,"Friday, Apr 7",boxscore,SEA,@,CLE,W,5,3,,2023-03-05 00:00:00,3,1.5,Murfee,Civale,Sewald,02:34:00,D,34821,0.8,+,,1,0,3,5,37.5,"['Friday', ' Apr 7']",Apr 7
9,"Saturday, Apr 8",boxscore,SEA,@,CLE,W,3,2,,2023-04-05 00:00:00,3,1.5,Gonzales,Quantrill,Sewald,02:35:00,N,17489,0.85,++,,1,0,4,5,44.44444444444444,"['Saturday', ' Apr 8']",Apr 8
10,"Sunday, Apr 9",boxscore,SEA,@,CLE,L-wo,6,7,12.0,2023-04-06 00:00:00,3,1.5,Herrin,Murfee,,03:48:00,D,12716,0.89,-,,0,1,4,6,40.0,"['Sunday', ' Apr 9']",Apr 9
11,"Monday, Apr 10",boxscore,SEA,@,CHC,L-wo,2,3,10.0,2023-04-07 00:00:00,4,2.5,Thompson,Brash,,02:38:00,N,26766,0.85,--,,0,1,4,7,36.36363636363637,"['Monday', ' Apr 10']",Apr 10
12,"Tuesday, Apr 11",boxscore,SEA,@,CHC,L,9,14,,2023-04-08 00:00:00,4,3.5,Rucker,Flexen,,03:02:00,N,30081,0.78,---,,0,1,4,8,33.33333333333333,"['Tuesday', ' Apr 11']",Apr 11
13,"Wednesday, Apr 12",boxscore,SEA,@,CHC,W,5,2,,2023-05-08 00:00:00,4,2.5,Gilbert,Stroman,,02:31:00,D,26944,0.73,+,,1,0,5,8,38.46153846153847,"['Wednesday', ' Apr 12']",Apr 12
14,"Friday, Apr 14",boxscore,SEA,,COL,W,5,3,,2023-06-08 00:00:00,3,2.5,Brash,Gomber,Sewald,02:34:00,N,32698,0.77,++,,1,0,6,8,42.857142857142854,"['Friday', ' Apr 14']",Apr 14
15,"Saturday, Apr 15",boxscore,SEA,,COL,W,9,2,,2023-07-08 00:00:00,3,1.5,Kirby,Feltner,,02:49:00,N,27549,0.83,+++,,1,0,7,8,46.666666666666664,"['Saturday', ' Apr 15']",Apr 15
16,"Sunday, Apr 16",boxscore,SEA,,COL,W,1,0,,2023-08-08 00:00:00,2,1.5,Castillo,Lamet,Sewald,02:19:00,D,23585,0.86,++++,,1,0,8,8,50.0,"['Sunday', ' Apr 16']",Apr 16
17,"Monday, Apr 17",boxscore,SEA,,MIL,L,3,7,,2023-08-09 00:00:00,3,2.5,Burnes,Flexen,,02:43:00,N,14276,0.9,-,,0,1,8,9,47.05882352941176,"['Monday', ' Apr 17']",Apr 17
18,"Tuesday, Apr 18",boxscore,SEA,,MIL,L,5,6,11.0,2023-08-10 00:00:00,3,3.5,Wilson,Topa,,03:07:00,N,18206,0.86,--,,0,1,8,10,44.44444444444444,"['Tuesday', ' Apr 18']",Apr 18
19,"Wednesday, Apr 19",boxscore,SEA,,MIL,L,3,5,,2023-08-11 00:00:00,4,4.5,Lauer,Brash,Bush,02:20:00,D,17461,0.76,---,,0,1,8,11,42.10526315789473,"['Wednesday', ' Apr 19']",Apr 19
20,"Friday, Apr 21",boxscore,SEA,,STL,W,5,2,,2023-09-11 00:00:00,4,3.5,Kirby,Matz,Sewald,02:13:00,N,29633,0.78,+,,1,0,9,11,45.0,"['Friday', ' Apr 21']",Apr 21
21,"Saturday, Apr 22",boxscore,SEA,,STL,W,5,4,,2023-10-11 00:00:00,3,3.5,Brash,Thompson,Sewald,02:29:00,N,38732,0.79,++,,1,0,10,11,47.61904761904761,"['Saturday', ' Apr 22']",Apr 22
22,"Sunday, Apr 23",boxscore,SEA,,STL,L,3,7,,2023-10-12 00:00:00,4,4.5,Flaherty,Flexen,,02:47:00,D,36249,0.83,-,,0,1,10,12,45.45454545454545,"['Sunday', ' Apr 23']",Apr 23
23,"Tuesday, Apr 25",boxscore,SEA,@,PHI,W,5,3,,2023-11-12 00:00:00,4,3,Gonzales,Falter,Sewald,02:38:00,N,42323,0.77,+,,1,0,11,12,47.82608695652174,"['Tuesday', ' Apr 25']",Apr 25
24,"Wednesday, Apr 26",boxscore,SEA,@,PHI,L,5,6,,2023-11-13 00:00:00,4,3,Kimbrel,Topa,Alvarado,02:34:00,N,32641,0.85,-,,0,1,11,13,45.83333333333333,"['Wednesday', ' Apr 26']",Apr 26
25,"Thursday, Apr 27",boxscore,SEA,@,PHI,L,0,1,,2023-11-14 00:00:00,4,3,Strahm,Kirby,Kimbrel,02:04:00,D,31543,0.83,--,,0,1,11,14,44.0,"['Thursday', ' Apr 27']",Apr 27
26,"Friday, Apr 28",boxscore,SEA,@,TOR,L,2,3,,2023-11-15 00:00:00,4,4,Mayza,Gott,Romano,02:28:00,N,41414,0.8,---,,0,1,11,15,42.30769230769231,"['Friday', ' Apr 28']",Apr 28
27,"Saturday, Apr 29",boxscore,SEA,@,TOR,L-wo,0,1,10.0,2023-11-16 00:00:00,4,5,Swanson,Gott,,02:21:00,D,41475,0.74,----,,0,1,11,16,40.74074074074074,"['Saturday', ' Apr 29']",Apr 29
28,"Sunday, Apr 30",boxscore,SEA,@,TOR,W,10,8,10.0,2023-12-16 00:00:00,4,5,Sewald,Pop,Brash,03:10:00,D,40158,0.71,+,,1,0,12,16,42.857142857142854,"['Sunday', ' Apr 30']",Apr 30
29,"Tuesday, May 2",boxscore,SEA,@,OAK,W,2,1,,13-16,4,5,Speier,Lovelady,Sewald,02:30:00,N,2583,0.7,++,,1,0,13,16,44.827586206896555,"['Tuesday', ' May 2']",May 2
30,"Wednesday, May 3",boxscore,SEA,@,OAK,W,7,2,10.0,14-16,4,4,Brash,Oller,,03:07:00,N,2685,0.78,+++,,1,0,14,16,46.666666666666664,"['Wednesday', ' May 3']",May 3
31,"Thursday, May 4",boxscore,SEA,@,OAK,W,5,3,,15-16,4,3.5,Kirby,Rucinski,Sewald,02:34:00,D,13025,0.77,++++,,1,0,15,16,48.38709677419355,"['Thursday', ' May 4']",May 4
32,"Friday, May 5",boxscore,SEA,,HOU,L,4,6,,15-17,4,3.5,Abreu,Brash,Pressly,02:23:00,N,32944,0.97,-,,0,1,15,17,46.875,"['Friday', ' May 5']",May 5
33,"Saturday, May 6",boxscore,SEA,,HOU,W,7,5,,16-17,4,3.5,Saucedo,Montero,,02:35:00,N,40328,0.88,+,,1,0,16,17,48.484848484848484,"['Saturday', ' May 6']",May 6
34,"Sunday, May 7",boxscore,SEA,,HOU,W,3,1,,17-17,3,3.5,Miller,Bielak,Topa,02:42:00,D,42277,0.92,++,,1,0,17,17,50.0,"['Sunday', ' May 7']",May 7
35,"Monday, May 8",boxscore,SEA,,TEX,L,1,2,,17-18,3,4.5,Gray,Gilbert,Smith,02:16:00,N,15282,1.03,-,,0,1,17,18,48.57142857142857,"['Monday', ' May 8']",May 8
36,"Tuesday, May 9",boxscore,SEA,,TEX,W,5,0,,18-18,3,3.5,Kirby,Heaney,,02:20:00,N,17638,0.97,+,,1,0,18,18,50.0,"['Tuesday', ' May 9']",May 9
37,"Wednesday, May 10",boxscore,SEA,,TEX,L,3,4,,18-19,4,4.5,Dunning,Castillo,Smith,02:33:00,D,22480,1.02,-,,0,1,18,19,48.64864864864865,"['Wednesday', ' May 10']",May 10
38,"Friday, May 12",boxscore,SEA,@,DET,W,9,2,,19-19,4,4,Gonzales,Boyd,,02:28:00,N,22116,0.85,+,,1,0,19,19,50.0,"['Friday', ' May 12']",May 12
39,"Saturday, May 13",boxscore,SEA,@,DET,W,5,0,,20-19,3,4,Miller,Faedo,,02:16:00,D,23511,0.95,++,,1,0,20,19,51.28205128205128,"['Saturday', ' May 13']",May 13
40,"Sunday, May 14",boxscore,SEA,@,DET,L,3,5,,20-20,4,5,Foley,Speier,Lange,02:50:00,D,20160,0.96,-,,0,1,20,20,50.0,"['Sunday', ' May 14']",May 14
41,"Monday, May 15",boxscore,SEA,@,BOS,W,10,1,,21-20,4,4,Kirby,Houck,,02:58:00,N,31744,0.92,+,,1,0,21,20,51.21951219512195,"['Monday', ' May 15']",May 15
42,"Tuesday, May 16",boxscore,SEA,@,BOS,L,4,9,,21-21,4,5,Pivetta,Castillo,,02:40:00,N,31476,0.98,-,,0,1,21,21,50.0,"['Tuesday', ' May 16']",May 16
43,"Wednesday, May 17",boxscore,SEA,@,BOS,L,3,12,,21-22,4,5,Bello,Gonzales,,02:57:00,N,32209,0.89,--,,0,1,21,22,48.837209302325576,"['Wednesday', ' May 17']",May 17
44,"Friday, May 19",boxscore,SEA,@,ATL,L,2,6,,21-23,4,6,McHugh,Miller,,02:29:00,N,40412,0.82,---,,0,1,21,23,47.72727272727273,"['Friday', ' May 19']",May 19
45,"Saturday, May 20",boxscore,SEA,@,ATL,W,7,3,,22-23,4,6,Gilbert,Tonkin,,02:46:00,N,40250,0.75,+,,1,0,22,23,48.888888888888886,"['Saturday', ' May 20']",May 20
46,"Sunday, May 21",boxscore,SEA,@,ATL,L,2,3,,22-24,4,7,Shuster,Kirby,Iglesias,02:05:00,D,40213,0.77,-,,0,1,22,24,47.82608695652174,"['Sunday', ' May 21']",May 21
47,"Monday, May 22",boxscore,SEA,,OAK,W,11,2,,23-24,4,6,Castillo,Muller,,02:44:00,N,15418,0.7,+,,1,0,23,24,48.93617021276596,"['Monday', ' May 22']",May 22
48,"Tuesday, May 23",boxscore,SEA,,OAK,W,3,2,,24-24,4,6,Gonzales,Medina,Sewald,02:19:00,N,15646,0.73,++,,1,0,24,24,50.0,"['Tuesday', ' May 23']",May 23
49,"Wednesday, May 24",boxscore,SEA,,OAK,W,6,1,,25-24,4,6,Miller,Waldichuk,,02:39:00,N,14899,0.81,+++,,1,0,25,24,51.02040816326531,"['Wednesday', ' May 24']",May 24
50,"Thursday, May 25",boxscore,SEA,,OAK,W,3,2,,26-24,4,5.5,Gilbert,Lovelady,Sewald,02:00:00,N,19268,0.82,++++,,1,0,26,24,52.0,"['Thursday', ' May 25']",May 25
51,"Friday, May 26",boxscore,SEA,,PIT,L,6,11,,26-25,4,6.5,Keller,Kirby,,02:37:00,N,32209,0.9,-,,0,1,26,25,50.98039215686274,"['Friday', ' May 26']",May 26
52,"Saturday, May 27",boxscore,SEA,,PIT,W,5,0,,27-25,4,6.5,Castillo,Velasquez,,02:32:00,D,44624,0.79,+,,1,0,27,25,51.92307692307693,"['Saturday', ' May 27']",May 27
53,"Sunday, May 28",boxscore,SEA,,PIT,W-wo,6,3,10.0,28-25,3,5.5,Saucedo,Stephenson,,02:54:00,D,38219,0.86,++,,0,1,27,26,50.943396226415096,"['Sunday', ' May 28']",May 28
54,"Monday, May 29",boxscore,SEA,,NYY,L,4,10,,28-26,4,6.5,Germán,Miller,,02:50:00,N,34154,0.96,-,,0,1,27,27,50.0,"['Monday', ' May 29']",May 29
55,"Tuesday, May 30",boxscore,SEA,,NYY,L,2,10,,28-27,4,7.5,Cortes,Gilbert,,02:54:00,N,26846,0.86,--,,0,1,27,28,49.09090909090909,"['Tuesday', ' May 30']",May 30
56,"Wednesday, May 31",boxscore,SEA,,NYY,W-wo,1,0,10.0,29-27,4,6.5,Topa,Marinaccio,,02:32:00,N,24596,0.77,+,,0,1,27,29,48.214285714285715,"['Wednesday', ' May 31']",May 31
57,"Friday, Jun 2",boxscore,SEA,@,TEX,L,0,2,,29-28,3,7.5,Gray,Castillo,Smith,02:05:00,N,31685,0.99,-,,0,1,27,30,47.368421052631575,"['Friday', ' Jun 2']",Jun 2
58,"Saturday, Jun 3",boxscore,SEA,@,TEX,L,6,16,,29-29,3,8.5,Sborz,Woo,,03:01:00,D,34435,0.9,--,,0,1,27,31,46.55172413793103,"['Saturday', ' Jun 3']",Jun 3
59,"Sunday, Jun 4",boxscore,SEA,@,TEX,L,3,12,,29-30,4,9.5,Eovaldi,Miller,,02:51:00,D,36495,0.77,---,,0,1,27,32,45.76271186440678,"['Sunday', ' Jun 4']",Jun 4
60,"Tuesday, Jun 6",boxscore,SEA,@,SDP,W,4,1,,30-30,4,10,Gilbert,Honeywell,Sewald,02:38:00,N,40395,0.59,+,,1,0,28,32,46.666666666666664,"['Tuesday', ' Jun 6']",Jun 6
61,"Wednesday, Jun 7",boxscore,SEA,@,SDP,L,3,10,,30-31,4,10,Wacha,Kirby,,02:46:00,D,35490,0.64,-,,0,1,28,33,45.90163934426229,"['Wednesday', ' Jun 7']",Jun 7
62,"Friday, Jun 9",boxscore,SEA,@,LAA,L,4,5,,30-32,4,10,Webb,Castillo,Estévez,02:50:00,N,36064,0.65,--,,0,1,28,34,45.16129032258064,"['Friday', ' Jun 9']",Jun 9
63,"Saturday, Jun 10",boxscore,SEA,@,LAA,W,6,2,,31-32,4,10,Speier,Sandoval,,03:02:00,N,38454,0.64,+,,1,0,29,34,46.03174603174603,"['Saturday', ' Jun 10']",Jun 10
64,"Sunday, Jun 11",boxscore,SEA,@,LAA,L,4,9,,31-33,4,10,Canning,Gilbert,,02:55:00,D,39405,0.67,-,,0,1,29,35,45.3125,"['Sunday', ' Jun 11']",Jun 11
65,"Monday, Jun 12",boxscore,SEA,,MIA,W,8,1,,32-33,4,9,Miller,Luzardo,,02:14:00,N,23463,0.54,+,,1,0,30,35,46.15384615384615,"['Monday', ' Jun 12']",Jun 12
66,"Tuesday, Jun 13",boxscore,SEA,,MIA,W,9,3,,33-33,4,8,Kirby,Cabrera,,02:47:00,N,19510,0.59,++,,1,0,31,35,46.96969696969697,"['Tuesday', ' Jun 13']",Jun 13
67,"Wednesday, Jun 14",boxscore,SEA,,MIA,L,1,4,,33-34,4,9,Pérez,Castillo,,02:44:00,N,20498,0.63,-,,0,1,31,36,46.26865671641791,"['Wednesday', ' Jun 14']",Jun 14
68,"Friday, Jun 16",boxscore,SEA,,CHW,W,3,2,,34-34,4,7.5,Brash,Banks,Sewald,02:52:00,N,36061,0.56,+,,1,0,32,36,47.05882352941176,"['Friday', ' Jun 16']",Jun 16
69,"Saturday, Jun 17",boxscore,SEA,,CHW,L,3,4,11.0,34-35,4,8.5,Bummer,Saucedo,Scholtens,03:38:00,D,45188,0.66,-,,0,1,32,37,46.3768115942029,"['Saturday', ' Jun 17']",Jun 17
70,"Sunday, Jun 18",boxscore,SEA,,CHW,W,5,1,,35-35,4,8.5,Miller,Lynn,,02:21:00,D,44772,0.62,+,,1,0,33,37,47.14285714285714,"['Sunday', ' Jun 18']",Jun 18
71,"Tuesday, Jun 20",boxscore,SEA,@,NYY,L,1,3,,35-36,4,9,Cole,Kirby,Holmes,02:09:00,N,43130,0.75,-,,0,1,33,38,46.478873239436616,"['Tuesday', ' Jun 20']",Jun 20
72,"Wednesday, Jun 21",boxscore,SEA,@,NYY,L,2,4,,35-37,4,10,Brito,Castillo,Kahnle,02:26:00,N,41090,0.65,--,,0,1,33,39,45.83333333333333,"['Wednesday', ' Jun 21']",Jun 21
73,"Thursday, Jun 22",boxscore,SEA,@,NYY,W,10,2,,36-37,4,9.5,Woo,Germán,,02:56:00,N,42440,0.57,+,,1,0,34,39,46.57534246575342,"['Thursday', ' Jun 22']",Jun 22
74,"Friday, Jun 23",boxscore,SEA,@,BAL,W,13,1,,37-37,4,9.5,Gilbert,Gibson,,02:56:00,N,16234,0.64,++,,1,0,35,39,47.2972972972973,"['Friday', ' Jun 23']",Jun 23
75,"Saturday, Jun 24",boxscore,SEA,@,BAL,L-wo,4,6,10.0,37-38,4,9.5,Baumann,Topa,,03:14:00,D,32884,0.73,-,,0,1,35,40,46.666666666666664,"['Saturday', ' Jun 24']",Jun 24
76,"Sunday, Jun 25",boxscore,SEA,@,BAL,L,2,3,,37-39,4,9.5,Bradish,Kirby,Bautista,02:21:00,D,19143,0.64,--,,0,1,35,41,46.05263157894737,"['Sunday', ' Jun 25']",Jun 25
77,"Monday, Jun 26",boxscore,SEA,,WSN,W,8,4,,38-39,4,8.5,Castillo,Abbott,Sewald,02:42:00,N,23329,0.54,+,,1,0,36,41,46.75324675324675,"['Monday', ' Jun 26']",Jun 26
78,"Tuesday, Jun 27",boxscore,SEA,,WSN,L,4,7,11.0,38-40,4,9.5,Weems,Gott,,03:28:00,N,22671,0.6,-,,0,1,36,42,46.15384615384615,"['Tuesday', ' Jun 27']",Jun 27
79,"Wednesday, Jun 28",boxscore,SEA,,WSN,L,1,4,,38-41,4,10.5,Corbin,Gilbert,Harvey,02:25:00,D,26437,0.56,--,,0,1,36,43,45.56962025316456,"['Wednesday', ' Jun 28']",Jun 28
80,"Friday, Jun 30",boxscore,SEA,,TBR,L,4,15,,38-42,4,10,Kelly,Muñoz,,03:10:00,N,37063,0.46,---,,0,1,36,44,45.0,"['Friday', ' Jun 30']",Jun 30
81,"Saturday, Jul 1",boxscore,SEA,,TBR,W,8,3,,39-42,4,10,Kirby,Glasnow,Sewald,02:39:00,D,35546,0.44,+,,1,0,37,44,45.67901234567901,"['Saturday', ' Jul 1']",Jul 1
82,"Sunday, Jul 2",boxscore,SEA,,TBR,W,7,6,,40-42,4,9,Muñoz,Adam,Sewald,02:42:00,D,36541,0.48,++,,1,0,38,44,46.34146341463415,"['Sunday', ' Jul 2']",Jul 2
83,"Monday, Jul 3",boxscore,SEA,@,SFG,W,6,5,,41-42,4,8,Muñoz,Doval,,02:34:00,N,40691,0.56,+++,,1,0,39,44,46.98795180722892,"['Monday', ' Jul 3']",Jul 3
84,"Tuesday, Jul 4",boxscore,SEA,@,SFG,W,6,0,,42-42,4,8,Gilbert,Winn,,02:20:00,D,37395,0.66,++++,,1,0,40,44,47.61904761904761,"['Tuesday', ' Jul 4']",Jul 4
85,"Wednesday, Jul 5",boxscore,SEA,@,SFG,L,0,2,,42-43,4,8,Cobb,Milone,Doval,02:26:00,N,24108,0.7,-,,0,1,40,45,47.05882352941176,"['Wednesday', ' Jul 5']",Jul 5
86,"Thursday, Jul 6",boxscore,SEA,@,HOU,W,5,1,,43-43,4,7,Kirby,Blanco,,02:30:00,N,40562,0.77,+,,1,0,41,45,47.674418604651166,"['Thursday', ' Jul 6']",Jul 6
87,"Friday, Jul 7",boxscore,SEA,@,HOU,W,10,1,,44-43,3,7,Castillo,Brown,,02:39:00,N,34737,0.91,++,,1,0,42,45,48.275862068965516,"['Friday', ' Jul 7']",Jul 7
88,"Saturday, Jul 8",boxscore,SEA,@,HOU,L,2,3,,44-44,3,7,Neris,Muñoz,Pressly,02:46:00,N,37112,0.96,-,,0,1,42,46,47.72727272727273,"['Saturday', ' Jul 8']",Jul 8
89,"Sunday, Jul 9",boxscore,SEA,@,HOU,W,3,1,,45-44,3,6,Gilbert,Bielak,Sewald,02:28:00,D,39421,0.92,+,,1,0,43,46,48.31460674157304,"['Sunday', ' Jul 9']",Jul 9
90,"Friday, Jul 14",boxscore,SEA,,DET,L,4,5,,45-45,3,7,Rodriguez,Castillo,Lange,02:44:00,N,39014,0.85,-,,0,1,43,47,47.77777777777778,"['Friday', ' Jul 14']",Jul 14
91,"Saturday, Jul 15",boxscore,SEA,,DET,L,0,6,,45-46,3,8,Lorenzen,Kirby,,02:22:00,N,38683,0.74,--,,0,1,43,48,47.25274725274725,"['Saturday', ' Jul 15']",Jul 15
92,"Sunday, Jul 16",boxscore,SEA,,DET,W,2,0,,46-46,3,8,Miller,Olson,Sewald,02:11:00,D,32368,0.63,+,,1,0,44,48,47.82608695652174,"['Sunday', ' Jul 16']",Jul 16
93,"Monday, Jul 17",boxscore,SEA,,MIN,W,7,6,,47-46,3,8,Gilbert,Gray,Sewald,02:58:00,N,25770,0.64,++,,1,0,45,48,48.38709677419355,"['Monday', ' Jul 17']",Jul 17
94,"Tuesday, Jul 18",boxscore,SEA,,MIN,L,3,10,,47-47,3,9,Ober,Woo,,03:02:00,N,28141,0.69,-,,0,1,45,49,47.87234042553192,"['Tuesday', ' Jul 18']",Jul 18
95,"Wednesday, Jul 19",boxscore,SEA,,MIN,L,3,6,,47-48,4,10,Pagán,Muñoz,Duran,02:42:00,N,25825,0.63,--,,0,1,45,50,47.368421052631575,"['Wednesday', ' Jul 19']",Jul 19
96,"Thursday, Jul 20",boxscore,SEA,,MIN,W,5,0,,48-48,4,9.5,Kirby,López,,02:35:00,D,29443,0.55,+,,1,0,46,50,47.91666666666667,"['Thursday', ' Jul 20']",Jul 20
97,"Friday, Jul 21",boxscore,SEA,,TOR,W-wo,3,2,,49-48,4,8.5,Sewald,Romano,,02:57:00,N,42352,0.67,++,,0,1,46,51,47.42268041237113,"['Friday', ' Jul 21']",Jul 21
98,"Saturday, Jul 22",boxscore,SEA,,TOR,W,9,8,,50-48,3,7.5,Campbell,Pearson,Topa,02:54:00,D,44921,0.7,+++,,1,0,47,51,47.95918367346938,"['Saturday', ' Jul 22']",Jul 22
99,"Sunday, Jul 23",boxscore,SEA,,TOR,L,3,4,,50-49,4,8.5,Mayza,Woo,Romano,02:59:00,D,42430,0.8,-,,0,1,47,52,47.474747474747474,"['Sunday', ' Jul 23']",Jul 23
1,"Thursday, Mar 30",boxscore,LAA,@,OAK,L,1,2,,0-1,4,1,May,Loup,Jiménez,02:30:00,N,26805,1.02,-,,0,1,0,1,0.0,"['Thursday', ' Mar 30']",Mar 30
2,"Saturday, Apr 1",boxscore,LAA,@,OAK,W,13,1,,2023-01-01 00:00:00,3,1,Sandoval,Fujinami,Davidson,02:24:00,D,15757,0.93,+,,1,0,1,1,50.0,"['Saturday', ' Apr 1']",Apr 1
3,"Sunday, Apr 2",boxscore,LAA,@,OAK,W,6,0,,2023-02-01 00:00:00,2,1,Anderson,Waldichuk,,02:32:00,D,14638,0.98,++,,1,0,2,1,66.66666666666666,"['Sunday', ' Apr 2']",Apr 2
4,"Monday, Apr 3",boxscore,LAA,@,SEA,W,7,3,,2023-03-01 00:00:00,1,Tied,Tepera,Kirby,,02:49:00,N,18877,1.07,+++,,1,0,3,1,75.0,"['Monday', ' Apr 3']",Apr 3
5,"Tuesday, Apr 4",boxscore,LAA,@,SEA,L,2,11,,2023-03-02 00:00:00,1,Tied,Castillo,Suarez,,02:31:00,N,19255,1.04,-,,0,1,3,2,60.0,"['Tuesday', ' Apr 4']",Apr 4
6,"Wednesday, Apr 5",boxscore,LAA,@,SEA,W,4,3,,2023-04-02 00:00:00,1,Tied,Ohtani,Flexen,Quijada,02:55:00,D,25648,1.07,+,,1,0,4,2,66.66666666666666,"['Wednesday', ' Apr 5']",Apr 5
7,"Friday, Apr 7",boxscore,LAA,,TOR,L,3,4,,2023-04-03 00:00:00,1,Tied,Bassitt,Herget,Romano,02:33:00,N,44735,1.04,-,,0,1,4,3,57.14285714285714,"['Friday', ' Apr 7']",Apr 7
8,"Saturday, Apr 8",boxscore,LAA,,TOR,W,9,5,,2023-05-03 00:00:00,1,up 1.0,Barria,Berríos,,02:40:00,N,44534,1.03,+,,1,0,5,3,62.5,"['Saturday', ' Apr 8']",Apr 8
9,"Sunday, Apr 9",boxscore,LAA,,TOR,L,11,12,10.0,2023-05-04 00:00:00,1,Tied,Romano,Estévez,Mayza,03:31:00,D,31092,1.06,-,,0,1,5,4,55.55555555555556,"['Sunday', ' Apr 9']",Apr 9
10,"Monday, Apr 10",boxscore,LAA,,WSN,L,4,6,,2023-05-05 00:00:00,2,1,Corbin,Davidson,Finnegan,02:40:00,N,19557,0.96,--,,0,1,5,5,50.0,"['Monday', ' Apr 10']",Apr 10
11,"Tuesday, Apr 11",boxscore,LAA,,WSN,W,2,0,,2023-06-05 00:00:00,2,1,Ohtani,Gray,Estévez,02:26:00,N,27390,0.94,+,,1,0,6,5,54.54545454545454,"['Tuesday', ' Apr 11']",Apr 11
12,"Wednesday, Apr 12",boxscore,LAA,,WSN,W,3,2,,2023-07-05 00:00:00,1,Tied,Moore,Thompson,Quijada,02:22:00,D,17780,1.0,++,,1,0,7,5,58.333333333333336,"['Wednesday', ' Apr 12']",Apr 12
13,"Friday, Apr 14",boxscore,LAA,@,BOS,L,3,5,,2023-07-06 00:00:00,2,1,Winckowski,Herget,Jansen,02:57:00,N,36680,1.05,-,,0,1,7,6,53.84615384615385,"['Friday', ' Apr 14']",Apr 14
14,"Saturday, Apr 15",boxscore,LAA,@,BOS,L,7,9,,2023-07-07 00:00:00,2,1,Brasier,Tepera,Jansen,02:59:00,D,36594,0.98,--,,0,1,7,7,50.0,"['Saturday', ' Apr 15']",Apr 15
15,"Sunday, Apr 16",boxscore,LAA,@,BOS,L,1,2,,2023-07-08 00:00:00,3,2,Whitlock,Detmers,Brasier,01:57:00,D,34790,0.96,---,,0,1,7,8,46.666666666666664,"['Sunday', ' Apr 16']",Apr 16
16,"Monday, Apr 17",boxscore,LAA,@,BOS,W,5,4,,2023-08-08 00:00:00,2,2,Davidson,Bello,Estévez,03:03:00,D,34942,0.96,+,,1,0,8,8,50.0,"['Monday', ' Apr 17']",Apr 17
17,"Tuesday, Apr 18",boxscore,LAA,@,NYY,W,5,2,,2023-09-08 00:00:00,2,2,Wantz,Schmidt,Quijada,02:45:00,N,37883,0.99,++,,1,0,9,8,52.94117647058824,"['Tuesday', ' Apr 18']",Apr 18
18,"Wednesday, Apr 19",boxscore,LAA,@,NYY,L-wo,2,3,10.0,2023-09-09 00:00:00,2,3,Hamilton,Moore,,03:20:00,N,38131,1.06,-,,0,1,9,9,50.0,"['Wednesday', ' Apr 19']",Apr 19
19,"Thursday, Apr 20",boxscore,LAA,@,NYY,L,3,9,,2023-09-10 00:00:00,2,3.5,Cortes,Sandoval,,02:49:00,D,39315,0.99,--,,0,1,9,10,47.368421052631575,"['Thursday', ' Apr 20']",Apr 20
20,"Friday, Apr 21",boxscore,LAA,,KCR,W,2,0,,2023-10-10 00:00:00,2,2.5,Ohtani,Yarbrough,Quijada,02:03:00,N,44741,0.96,+,,1,0,10,10,50.0,"['Friday', ' Apr 21']",Apr 21
21,"Saturday, Apr 22",boxscore,LAA,,KCR,L,8,11,,2023-10-11 00:00:00,3,3.5,Cuas,Quijada,Barlow,02:40:00,N,44148,0.96,-,,0,1,10,11,47.61904761904761,"['Saturday', ' Apr 22']",Apr 22
22,"Sunday, Apr 23",boxscore,LAA,,KCR,W,4,3,,2023-11-11 00:00:00,3,3.5,Warren,Lyles,Estévez,02:11:00,D,36016,0.92,+,,1,0,11,11,50.0,"['Sunday', ' Apr 23']",Apr 23
23,"Monday, Apr 24",boxscore,LAA,,OAK,L,10,11,10.0,2023-11-12 00:00:00,3,3.5,Oller,Barria,Familia,03:25:00,N,23814,0.98,-,,0,1,11,12,47.82608695652174,"['Monday', ' Apr 24']",Apr 24
24,"Tuesday, Apr 25",boxscore,LAA,,OAK,W,5,3,,2023-12-12 00:00:00,3,2.5,Canning,Miller,Estévez,02:47:00,N,26971,0.94,+,,1,0,12,12,50.0,"['Tuesday', ' Apr 25']",Apr 25
25,"Wednesday, Apr 26",boxscore,LAA,,OAK,W,11,3,,13-12,3,1.5,Sandoval,Medina,,02:30:00,N,24524,0.95,++,,1,0,13,12,52.0,"['Wednesday', ' Apr 26']",Apr 26
26,"Thursday, Apr 27",boxscore,LAA,,OAK,W,8,7,,14-12,3,0.5,Ohtani,Sears,Estévez,03:03:00,D,21741,1.0,+++,,1,0,14,12,53.84615384615385,"['Thursday', ' Apr 27']",Apr 27
27,"Friday, Apr 28",boxscore,LAA,@,MIL,L,1,2,,14-13,3,1.5,Strzelecki,Loup,Williams,02:14:00,N,24787,1.01,-,,0,1,14,13,51.85185185185185,"['Friday', ' Apr 28']",Apr 28
28,"Saturday, Apr 29",boxscore,LAA,@,MIL,L,5,7,,14-14,3,2.5,Burnes,Detmers,Williams,02:43:00,N,39198,0.97,--,,0,1,14,14,50.0,"['Saturday', ' Apr 29']",Apr 29
29,"Sunday, Apr 30",boxscore,LAA,@,MIL,W,3,0,,15-14,3,2.5,Suarez,Rea,Estévez,02:30:00,D,33557,0.99,+,,1,0,15,14,51.724137931034484,"['Sunday', ' Apr 30']",Apr 30
30,"Tuesday, May 2",boxscore,LAA,@,STL,W,5,1,,16-14,2,2.5,Sandoval,Matz,,02:37:00,N,37048,0.98,++,,1,0,16,14,53.333333333333336,"['Tuesday', ' May 2']",May 2
31,"Wednesday, May 3",boxscore,LAA,@,STL,W,6,4,,17-14,2,1.5,Tepera,Gallegos,Estévez,02:42:00,N,42148,1.05,+++,,1,0,17,14,54.83870967741935,"['Wednesday', ' May 3']",May 3
32,"Thursday, May 4",boxscore,LAA,@,STL,W,11,7,,18-14,2,1,Canning,Flaherty,,02:58:00,D,40508,1.09,++++,,1,0,18,14,56.25,"['Thursday', ' May 4']",May 4
33,"Friday, May 5",boxscore,LAA,,TEX,W-wo,5,4,10.0,19-14,1,Tied,Estévez,Smith,,02:55:00,N,39073,1.32,+++++,,0,1,18,15,54.54545454545454,"['Friday', ' May 5']",May 5
34,"Saturday, May 6",boxscore,LAA,,TEX,L,1,10,,19-15,2,1,Eovaldi,Detmers,,02:48:00,N,37409,1.38,-,,0,1,18,16,52.94117647058824,"['Saturday', ' May 6']",May 6
35,"Sunday, May 7",boxscore,LAA,,TEX,L,8,16,,19-16,2,2,Sborz,Suarez,,03:06:00,D,41641,1.34,--,,0,1,18,17,51.42857142857142,"['Sunday', ' May 7']",May 7
36,"Monday, May 8",boxscore,LAA,,HOU,W,6,4,,20-16,2,2,Moore,Montero,Estévez,02:29:00,N,26064,1.2,+,,1,0,19,17,52.77777777777778,"['Monday', ' May 8']",May 8
37,"Tuesday, May 9",boxscore,LAA,,HOU,L,1,3,,20-17,2,2,Valdez,Ohtani,Pressly,02:16:00,N,29018,1.23,-,,0,1,19,18,51.35135135135135,"['Tuesday', ' May 9']",May 9
38,"Wednesday, May 10",boxscore,LAA,,HOU,L,4,5,,20-18,2,3,Javier,Canning,Pressly,02:38:00,D,20420,1.21,--,,0,1,19,19,50.0,"['Wednesday', ' May 10']",May 10
39,"Friday, May 12",boxscore,LAA,@,CLE,W,5,4,,21-18,2,2.5,Moore,Clase,Estévez,02:53:00,N,22550,1.03,+,,1,0,20,19,51.28205128205128,"['Friday', ' May 12']",May 12
40,"Saturday, May 13",boxscore,LAA,@,CLE,L,6,8,,21-19,2,3.5,Morgan,Tepera,Stephan,02:55:00,N,27644,1.09,-,,0,1,20,20,50.0,"['Saturday', ' May 13']",May 13
41,"Sunday, May 14",boxscore,LAA,@,CLE,L,3,4,,21-20,3,4.5,Karinchak,Sandoval,Clase,02:13:00,D,23175,1.04,--,,0,1,20,21,48.78048780487805,"['Sunday', ' May 14']",May 14
42,"Monday, May 15",boxscore,LAA,@,BAL,W,9,5,,22-20,3,3.5,Ohtani,Rodriguez,,02:51:00,N,20148,0.97,+,,1,0,21,21,50.0,"['Monday', ' May 15']",May 15
43,"Tuesday, May 16",boxscore,LAA,@,BAL,L,3,7,,22-21,3,4.5,Kremer,Silseth,,02:35:00,N,13244,1.06,-,,0,1,21,22,48.837209302325576,"['Tuesday', ' May 16']",May 16
44,"Wednesday, May 17",boxscore,LAA,@,BAL,L,1,3,,22-22,3,4.5,Bradish,Canning,Bautista,02:30:00,N,15702,0.96,--,,0,1,21,23,47.72727272727273,"['Wednesday', ' May 17']",May 17
45,"Thursday, May 18",boxscore,LAA,@,BAL,W,6,5,,23-22,3,4,Devenski,Baker,Estévez,03:05:00,D,27778,0.95,+,,1,0,22,23,48.888888888888886,"['Thursday', ' May 18']",May 18
46,"Friday, May 19",boxscore,LAA,,MIN,W,5,4,,24-22,3,4,Weiss,Jax,Estévez,02:40:00,N,31079,1.04,++,,1,0,23,23,50.0,"['Friday', ' May 19']",May 19
47,"Saturday, May 20",boxscore,LAA,,MIN,L,2,6,,24-23,3,5,Varland,Sandoval,,02:54:00,N,35688,1.04,-,,0,1,23,24,48.93617021276596,"['Saturday', ' May 20']",May 20
48,"Sunday, May 21",boxscore,LAA,,MIN,W,4,2,,25-23,3,5,Devenski,López,Estévez,02:41:00,D,42138,0.94,+,,1,0,24,24,50.0,"['Sunday', ' May 21']",May 21
49,"Monday, May 22",boxscore,LAA,,BOS,W,2,1,,26-23,3,4,Silseth,Crawford,,02:05:00,N,25314,0.99,++,,1,0,25,24,51.02040816326531,"['Monday', ' May 22']",May 22
50,"Tuesday, May 23",boxscore,LAA,,BOS,W,4,0,,27-23,3,4,Canning,Bello,,02:13:00,N,25798,1.05,+++,,1,0,26,24,52.0,"['Tuesday', ' May 23']",May 23
51,"Wednesday, May 24",boxscore,LAA,,BOS,W,7,3,,28-23,3,4,Anderson,Paxton,,02:33:00,N,26596,1.09,++++,,1,0,27,24,52.94117647058824,"['Wednesday', ' May 24']",May 24
52,"Friday, May 26",boxscore,LAA,,MIA,L,2,6,,28-24,3,5,Luzardo,Detmers,,02:42:00,N,32130,1.11,-,,0,1,27,25,51.92307692307693,"['Friday', ' May 26']",May 26
53,"Saturday, May 27",boxscore,LAA,,MIA,L,5,8,10.0,28-25,3,6,Floro,Barria,,03:33:00,N,38131,0.99,--,,0,1,27,26,50.943396226415096,"['Saturday', ' May 27']",May 27
54,"Sunday, May 28",boxscore,LAA,,MIA,L,0,2,,28-26,4,6,Pérez,Sandoval,Chargois,02:48:00,D,36345,0.91,---,,0,1,27,27,50.0,"['Sunday', ' May 28']",May 28
55,"Monday, May 29",boxscore,LAA,@,CHW,W,6,4,,29-26,3,6,Canning,Kopech,Estévez,02:49:00,N,23599,0.86,+,,1,0,28,27,50.90909090909091,"['Monday', ' May 29']",May 29
56,"Tuesday, May 30",boxscore,LAA,@,CHW,L,3,7,,29-27,3,7,Giolito,Anderson,,02:43:00,N,22135,0.94,-,,0,1,28,28,50.0,"['Tuesday', ' May 30']",May 30
57,"Wednesday, May 31",boxscore,LAA,@,CHW,W,12,5,,30-27,3,6,Barria,Lynn,Davidson,02:47:00,D,17015,0.84,+,,1,0,29,28,50.877192982456144,"['Wednesday', ' May 31']",May 31
58,"Thursday, Jun 1",boxscore,LAA,@,HOU,L,2,5,,30-28,3,6.5,Blanco,Detmers,Pressly,02:36:00,N,34037,1.07,-,,0,1,29,29,50.0,"['Thursday', ' Jun 1']",Jun 1
59,"Friday, Jun 2",boxscore,LAA,@,HOU,L,2,6,,30-29,3,7.5,Valdez,Ohtani,,02:36:00,N,38692,1.03,--,,0,1,29,30,49.152542372881356,"['Friday', ' Jun 2']",Jun 2
60,"Saturday, Jun 3",boxscore,LAA,@,HOU,L,6,9,,30-30,3,8.5,Javier,Sandoval,,03:12:00,D,39222,0.91,---,,0,1,29,31,48.333333333333336,"['Saturday', ' Jun 3']",Jun 3
61,"Sunday, Jun 4",boxscore,LAA,@,HOU,W,2,1,,31-30,3,8.5,Devenski,Maton,Estévez,02:20:00,D,40831,0.85,+,,1,0,30,31,49.18032786885246,"['Sunday', ' Jun 4']",Jun 4
62,"Tuesday, Jun 6",boxscore,LAA,,CHC,W,7,4,,32-30,3,9,Anderson,Hughes,Estévez,02:45:00,N,27716,0.77,++,,1,0,31,31,50.0,"['Tuesday', ' Jun 6']",Jun 6
63,"Wednesday, Jun 7",boxscore,LAA,,CHC,W,6,2,,33-30,3,8,Joyce,Taillon,,02:31:00,N,28817,0.77,+++,,1,0,32,31,50.79365079365079,"['Wednesday', ' Jun 7']",Jun 7
64,"Thursday, Jun 8",boxscore,LAA,,CHC,W,3,1,,34-30,3,7.5,Detmers,Smyly,Estévez,02:37:00,N,28179,0.86,++++,,1,0,33,31,51.5625,"['Thursday', ' Jun 8']",Jun 8
65,"Friday, Jun 9",boxscore,LAA,,SEA,W,5,4,,35-30,3,6.5,Webb,Castillo,Estévez,02:50:00,N,36064,0.98,+++++,,1,0,34,31,52.307692307692314,"['Friday', ' Jun 9']",Jun 9
66,"Saturday, Jun 10",boxscore,LAA,,SEA,L,2,6,,35-31,3,7.5,Speier,Sandoval,,03:02:00,N,38454,1.11,-,,0,1,34,32,51.515151515151516,"['Saturday', ' Jun 10']",Jun 10
67,"Sunday, Jun 11",boxscore,LAA,,SEA,W,9,4,,36-31,3,6.5,Canning,Gilbert,,02:55:00,D,39405,1.0,+,,1,0,35,32,52.23880597014925,"['Sunday', ' Jun 11']",Jun 11
68,"Monday, Jun 12",boxscore,LAA,@,TEX,W,9,6,12.0,37-31,3,5.5,Bachman,Ragans,,03:49:00,N,26667,1.25,++,,1,0,36,32,52.94117647058824,"['Monday', ' Jun 12']",Jun 12
69,"Tuesday, Jun 13",boxscore,LAA,@,TEX,W,7,3,,38-31,3,4.5,Herget,White,Estévez,02:55:00,N,25832,1.39,+++,,1,0,37,32,53.62318840579711,"['Tuesday', ' Jun 13']",Jun 13
70,"Wednesday, Jun 14",boxscore,LAA,@,TEX,L,3,6,,38-32,3,5.5,Sborz,Herget,,02:39:00,N,25406,1.46,-,,0,1,37,33,52.85714285714286,"['Wednesday', ' Jun 14']",Jun 14
71,"Thursday, Jun 15",boxscore,LAA,@,TEX,W,5,3,,39-32,3,4.5,Ohtani,Eovaldi,Webb,02:47:00,N,35092,1.34,+,,1,0,38,33,53.52112676056338,"['Thursday', ' Jun 15']",Jun 15
72,"Friday, Jun 16",boxscore,LAA,@,KCR,W,3,0,,40-32,2,3.5,Sandoval,Singer,Bachman,02:41:00,N,19834,1.14,++,,1,0,39,33,54.166666666666664,"['Friday', ' Jun 16']",Jun 16
73,"Saturday, Jun 17",boxscore,LAA,@,KCR,L-wo,9,10,,40-33,2,4.5,Chapman,Devenski,,03:13:00,D,21056,1.28,-,,0,1,39,34,53.42465753424658,"['Saturday', ' Jun 17']",Jun 17
74,"Sunday, Jun 18",boxscore,LAA,@,KCR,W,5,2,,41-33,2,4.5,Anderson,Greinke,Estévez,02:31:00,D,24385,1.21,+,,1,0,40,34,54.054054054054056,"['Sunday', ' Jun 18']",Jun 18
75,"Tuesday, Jun 20",boxscore,LAA,,LAD,L,0,2,,41-34,2,5,Kershaw,Devenski,Phillips,02:25:00,N,44703,1.28,-,,0,1,40,35,53.333333333333336,"['Tuesday', ' Jun 20']",Jun 20
76,"Wednesday, Jun 21",boxscore,LAA,,LAD,L,0,2,,41-35,3,6,González,Ohtani,Phillips,02:30:00,N,44760,1.2,--,,0,1,40,36,52.63157894736842,"['Wednesday', ' Jun 21']",Jun 21
77,"Friday, Jun 23",boxscore,LAA,@,COL,L,4,7,,41-36,3,7,Johnson,Bachman,Lawrence,02:47:00,N,47085,1.16,---,,0,1,40,37,51.94805194805194,"['Friday', ' Jun 23']",Jun 23
78,"Saturday, Jun 24",boxscore,LAA,@,COL,W,25,1,,42-36,2,6,Canning,Anderson,,02:53:00,N,45274,1.07,+,,1,0,41,37,52.56410256410257,"['Saturday', ' Jun 24']",Jun 24
79,"Sunday, Jun 25",boxscore,LAA,@,COL,L,3,4,,42-37,3,6,Gomber,Anderson,Lawrence,02:14:00,D,40213,1.16,-,,0,1,41,38,51.89873417721519,"['Sunday', ' Jun 25']",Jun 25
80,"Monday, Jun 26",boxscore,LAA,,CHW,W-wo,2,1,,43-37,2,5,Estévez,López,,02:17:00,N,28554,1.15,+,,0,1,41,39,51.24999999999999,"['Monday', ' Jun 26']",Jun 26
81,"Tuesday, Jun 27",boxscore,LAA,,CHW,W,4,2,,44-37,2,5,Ohtani,Kopech,Estévez,02:54:00,N,33637,1.23,++,,1,0,42,39,51.85185185185185,"['Tuesday', ' Jun 27']",Jun 27
82,"Wednesday, Jun 28",boxscore,LAA,,CHW,L,5,11,,44-38,2,6,Giolito,Barria,,02:45:00,N,29861,1.25,-,,0,1,42,40,51.21951219512195,"['Wednesday', ' Jun 28']",Jun 28
83,"Thursday, Jun 29",boxscore,LAA,,CHW,L,7,9,,44-39,3,6,Lynn,Sandoval,,02:51:00,D,27630,1.2,--,,0,1,42,41,50.602409638554214,"['Thursday', ' Jun 29']",Jun 29
84,"Friday, Jun 30",boxscore,LAA,,ARI,L,2,6,,44-40,3,6,Henry,Canning,,02:47:00,N,34957,1.11,---,,0,1,42,42,50.0,"['Friday', ' Jun 30']",Jun 30
85,"Saturday, Jul 1",boxscore,LAA,,ARI,L,1,3,,44-41,3,7,Nelson,Bachman,McGough,02:40:00,N,44472,1.07,----,,0,1,42,43,49.411764705882355,"['Saturday', ' Jul 1']",Jul 1
86,"Sunday, Jul 2",boxscore,LAA,,ARI,W,5,2,,45-41,3,6,Detmers,Gallen,Estévez,02:21:00,D,29167,1.03,+,,1,0,43,43,50.0,"['Sunday', ' Jul 2']",Jul 2
87,"Monday, Jul 3",boxscore,LAA,@,SDP,L,3,10,,45-42,3,6,Snell,Barria,,03:15:00,N,45101,1.09,-,,0,1,43,44,49.42528735632184,"['Monday', ' Jul 3']",Jul 3
88,"Tuesday, Jul 4",boxscore,LAA,@,SDP,L,5,8,,45-43,3,7,Musgrove,Ohtani,Hader,03:02:00,D,44725,1.07,--,,0,1,43,45,48.86363636363637,"['Tuesday', ' Jul 4']",Jul 4
89,"Wednesday, Jul 5",boxscore,LAA,@,SDP,L,3,5,,45-44,3,7,Martinez,Webb,Hader,02:32:00,N,43401,0.91,---,,0,1,43,46,48.31460674157304,"['Wednesday', ' Jul 5']",Jul 5
90,"Friday, Jul 7",boxscore,LAA,@,LAD,L,4,11,,45-45,4,7.5,Gonsolin,Canning,,02:26:00,N,52214,0.9,----,,0,1,43,47,47.77777777777778,"['Friday', ' Jul 7']",Jul 7
91,"Saturday, Jul 8",boxscore,LAA,@,LAD,L,5,10,,45-46,4,7.5,Grove,Detmers,,02:34:00,N,53057,0.79,-----,,0,1,43,48,47.25274725274725,"['Saturday', ' Jul 8']",Jul 8
92,"Friday, Jul 14",boxscore,LAA,,HOU,L,5,7,,45-47,4,8,Maton,Ohtani,Pressly,03:11:00,N,38850,0.87,------,,0,1,43,49,46.73913043478261,"['Friday', ' Jul 14']",Jul 14
93,"Saturday, Jul 15",boxscore,LAA,,HOU,W-wo,13,12,10.0,46-47,3,8,Estévez,Maton,,03:31:00,N,37523,0.74,+,,0,1,43,50,46.236559139784944,"['Saturday', ' Jul 15']",Jul 15
94,"Sunday, Jul 16",boxscore,LAA,,HOU,L,8,9,,46-48,4,9,Montero,Barria,Maton,03:31:00,D,34679,0.79,-,,0,1,43,51,45.744680851063826,"['Sunday', ' Jul 16']",Jul 16
95,"Monday, Jul 17",boxscore,LAA,,NYY,W-wo,4,3,10.0,47-48,4,9,Loup,Ramirez,,03:29:00,N,41180,0.57,+,,0,1,43,52,45.26315789473684,"['Monday', ' Jul 17']",Jul 17
96,"Tuesday, Jul 18",boxscore,LAA,,NYY,W,5,1,,48-48,3,9,Sandoval,Germán,,02:16:00,N,41556,0.59,++,,1,0,44,52,45.83333333333333,"['Tuesday', ' Jul 18']",Jul 18
97,"Wednesday, Jul 19",boxscore,LAA,,NYY,W,7,3,,49-48,3,9,Silseth,Rodón,,02:54:00,D,39141,0.71,+++,,1,0,45,52,46.391752577319586,"['Wednesday', ' Jul 19']",Jul 19
98,"Friday, Jul 21",boxscore,LAA,,PIT,W,8,5,,50-48,3,8,Ohtani,Oviedo,Estévez,02:35:00,N,40309,0.71,++++,,1,0,46,52,46.93877551020408,"['Friday', ' Jul 21']",Jul 21
99,"Saturday, Jul 22",boxscore,LAA,,PIT,L,0,3,,50-49,4,8,Bido,Detmers,Bednar,02:46:00,N,37240,0.75,-,,0,1,46,53,46.464646464646464,"['Saturday', ' Jul 22']",Jul 22
100,"Sunday, Jul 23",boxscore,LAA,,PIT,W,7,5,,51-49,3,8,Anderson,Keller,Estévez,02:40:00,D,28385,0.69,+,,1,0,47,53,47.0,"['Sunday', ' Jul 23']",Jul 23
1,"Thursday, Mar 30",boxscore,OAK,,LAA,W,2,1,,2000-01-01 00:00:00,1,Tied,May,Loup,Jiménez,02:30:00,N,26805,1.0,+,,1,0,1,0,100.0,"['Thursday', ' Mar 30']",Mar 30
2,"Saturday, Apr 1",boxscore,OAK,,LAA,L,1,13,,2023-01-01 00:00:00,3,1,Sandoval,Fujinami,Davidson,02:24:00,D,15757,1.04,-,,0,1,1,1,50.0,"['Saturday', ' Apr 1']",Apr 1
3,"Sunday, Apr 2",boxscore,OAK,,LAA,L,0,6,,2023-01-02 00:00:00,4,2,Anderson,Waldichuk,,02:32:00,D,14638,0.97,--,,0,1,1,2,33.33333333333333,"['Sunday', ' Apr 2']",Apr 2
4,"Monday, Apr 3",boxscore,OAK,,CLE,L,11,12,10.0,2023-01-03 00:00:00,4,2,Clase,May,Morgan,03:19:00,N,3035,0.88,---,,0,1,1,3,25.0,"['Monday', ' Apr 3']",Apr 3
5,"Tuesday, Apr 4",boxscore,OAK,,CLE,W-wo,4,3,,2023-02-03 00:00:00,3,1,May,Karinchak,,02:41:00,N,3407,0.83,+,,0,1,1,4,20.0,"['Tuesday', ' Apr 4']",Apr 4
6,"Wednesday, Apr 5",boxscore,OAK,,CLE,L,4,6,10.0,2023-02-04 00:00:00,4,2,Morgan,Jackson,Clase,02:58:00,D,4930,0.9,-,,0,1,1,5,16.666666666666664,"['Wednesday', ' Apr 5']",Apr 5
7,"Friday, Apr 7",boxscore,OAK,@,TBR,L,5,9,,2023-02-05 00:00:00,5,2,Eflin,Waldichuk,,02:23:00,N,15980,0.86,--,,0,1,1,6,14.285714285714285,"['Friday', ' Apr 7']",Apr 7
8,"Saturday, Apr 8",boxscore,OAK,@,TBR,L,0,11,,2023-02-06 00:00:00,5,3,Springs,Fujinami,,02:20:00,D,15880,0.81,---,,0,1,1,7,12.5,"['Saturday', ' Apr 8']",Apr 8
9,"Sunday, Apr 9",boxscore,OAK,@,TBR,L,0,11,,2023-02-07 00:00:00,5,3,Rasmussen,Kaprielian,,02:39:00,D,11159,0.79,----,,0,1,1,8,11.11111111111111,"['Sunday', ' Apr 9']",Apr 9
10,"Monday, Apr 10",boxscore,OAK,@,BAL,L,1,5,,2023-02-08 00:00:00,5,4,Gibson,Sears,,02:48:00,N,9322,0.71,-----,,0,1,1,9,10.0,"['Monday', ' Apr 10']",Apr 10
11,"Tuesday, Apr 11",boxscore,OAK,@,BAL,L,8,12,,2023-02-09 00:00:00,5,5,Baker,Moll,,03:08:00,N,12305,0.66,------,,0,1,1,10,9.090909090909092,"['Tuesday', ' Apr 11']",Apr 11
12,"Wednesday, Apr 12",boxscore,OAK,@,BAL,W,8,4,,2023-03-09 00:00:00,5,4,Smith,Akin,,02:50:00,N,10181,0.64,+,,1,0,2,10,16.666666666666664,"['Wednesday', ' Apr 12']",Apr 12
13,"Thursday, Apr 13",boxscore,OAK,@,BAL,L-wo,7,8,,2023-03-10 00:00:00,5,4.5,Bautista,May,,02:58:00,D,11665,0.64,-,,0,1,2,11,15.384615384615385,"['Thursday', ' Apr 13']",Apr 13
14,"Friday, Apr 14",boxscore,OAK,,NYM,L,6,17,,2023-03-11 00:00:00,5,5.5,Santana,Kaprielian,,03:29:00,N,11102,0.58,--,,0,1,2,12,14.285714285714285,"['Friday', ' Apr 14']",Apr 14
15,"Saturday, Apr 15",boxscore,OAK,,NYM,L,2,3,,2023-03-12 00:00:00,5,5.5,Smith,Fujinami,Robertson,02:46:00,D,12967,0.52,---,,0,1,2,13,13.333333333333334,"['Saturday', ' Apr 15']",Apr 15
16,"Sunday, Apr 16",boxscore,OAK,,NYM,L,3,4,10.0,2023-03-13 00:00:00,5,6.5,Yacabonis,Moll,Robertson,03:03:00,D,17645,0.46,----,,0,1,2,14,12.5,"['Sunday', ' Apr 16']",Apr 16
17,"Monday, Apr 17",boxscore,OAK,,CHC,L,1,10,,2023-03-14 00:00:00,5,7.5,Wesneski,Muller,,02:47:00,N,4714,0.44,-----,,0,1,2,15,11.76470588235294,"['Monday', ' Apr 17']",Apr 17
18,"Tuesday, Apr 18",boxscore,OAK,,CHC,L,0,4,,2023-03-15 00:00:00,5,8.5,Leiter,May,,02:54:00,N,5196,0.38,------,,0,1,2,16,11.11111111111111,"['Tuesday', ' Apr 18']",Apr 18
19,"Wednesday, Apr 19",boxscore,OAK,,CHC,L,2,12,,2023-03-16 00:00:00,5,9.5,Steele,Smith,,02:53:00,D,12112,0.34,-------,,0,1,2,17,10.526315789473683,"['Wednesday', ' Apr 19']",Apr 19
20,"Friday, Apr 21",boxscore,OAK,@,TEX,W,5,4,,2023-04-16 00:00:00,5,8.5,Jackson,Smith,Familia,02:56:00,N,28775,0.36,+,,1,0,3,17,15.0,"['Friday', ' Apr 21']",Apr 21
21,"Saturday, Apr 22",boxscore,OAK,@,TEX,L,3,18,,2023-04-17 00:00:00,5,9.5,Heaney,Fujinami,,02:45:00,N,32388,0.37,-,,0,1,3,18,14.285714285714285,"['Saturday', ' Apr 22']",Apr 22
22,"Sunday, Apr 23",boxscore,OAK,@,TEX,L,2,5,,2023-04-18 00:00:00,5,10.5,deGrom,Muller,Smith,02:31:00,D,34916,0.33,--,,0,1,3,19,13.636363636363635,"['Sunday', ' Apr 23']",Apr 23
23,"Monday, Apr 24",boxscore,OAK,@,LAA,W,11,10,10.0,2023-05-18 00:00:00,5,9.5,Oller,Barria,Familia,03:25:00,N,23814,0.27,+,,1,0,4,19,17.391304347826086,"['Monday', ' Apr 24']",Apr 24
24,"Tuesday, Apr 25",boxscore,OAK,@,LAA,L,3,5,,2023-05-19 00:00:00,5,9.5,Canning,Miller,Estévez,02:47:00,N,26971,0.33,-,,0,1,4,20,16.666666666666664,"['Tuesday', ' Apr 25']",Apr 25
25,"Wednesday, Apr 26",boxscore,OAK,@,LAA,L,3,11,,2023-05-20 00:00:00,5,9.5,Sandoval,Medina,,02:30:00,N,24524,0.27,--,,0,1,4,21,16.0,"['Wednesday', ' Apr 26']",Apr 26
26,"Thursday, Apr 27",boxscore,OAK,@,LAA,L,7,8,,2023-05-21 00:00:00,5,9.5,Ohtani,Sears,Estévez,03:03:00,D,21741,0.28,---,,0,1,4,22,15.384615384615385,"['Thursday', ' Apr 27']",Apr 27
27,"Friday, Apr 28",boxscore,OAK,,CIN,L,7,11,,2023-05-22 00:00:00,5,10.5,Cessa,Rucinski,,02:56:00,N,6423,0.19,----,,0,1,4,23,14.814814814814813,"['Friday', ' Apr 28']",Apr 28
28,"Saturday, Apr 29",boxscore,OAK,,CIN,L,2,3,,2023-05-23 00:00:00,5,11.5,Legumina,Familia,Díaz,02:54:00,D,7052,0.16,-----,,0,1,4,24,14.285714285714285,"['Saturday', ' Apr 29']",Apr 29
29,"Sunday, Apr 30",boxscore,OAK,,CIN,W-wo,5,4,,2023-06-23 00:00:00,5,11.5,Jackson,Law,,02:48:00,D,18271,0.15,+,,0,1,4,25,13.793103448275861,"['Sunday', ' Apr 30']",Apr 30
30,"Tuesday, May 2",boxscore,OAK,,SEA,L,1,2,,2023-06-24 00:00:00,5,12.5,Speier,Lovelady,Sewald,02:30:00,N,2583,0.16,-,,0,1,4,26,13.333333333333334,"['Tuesday', ' May 2']",May 2
31,"Wednesday, May 3",boxscore,OAK,,SEA,L,2,7,10.0,2023-06-25 00:00:00,5,12.5,Brash,Oller,,03:07:00,N,2685,0.13,--,,0,1,4,27,12.903225806451612,"['Wednesday', ' May 3']",May 3
32,"Thursday, May 4",boxscore,OAK,,SEA,L,3,5,,2023-06-26 00:00:00,5,13,Kirby,Rucinski,Sewald,02:34:00,D,13025,0.11,---,,0,1,4,28,12.5,"['Thursday', ' May 4']",May 4
33,"Friday, May 5",boxscore,OAK,@,KCR,W,12,8,,2023-07-26 00:00:00,5,12,Muller,Keller,,03:11:00,N,15966,0.08,+,,1,0,5,28,15.151515151515152,"['Friday', ' May 5']",May 5
34,"Saturday, May 6",boxscore,OAK,@,KCR,W,5,4,,2023-08-26 00:00:00,5,12,Waldichuk,Singer,Jackson,03:16:00,N,29549,0.1,++,,1,0,6,28,17.647058823529413,"['Saturday', ' May 6']",May 6
35,"Sunday, May 7",boxscore,OAK,@,KCR,L,1,5,,2023-08-27 00:00:00,5,13,Yarbrough,Miller,,02:21:00,D,12740,0.11,-,,0,1,6,29,17.142857142857142,"['Sunday', ' May 7']",May 7
36,"Monday, May 8",boxscore,OAK,@,NYY,L,2,7,,2023-08-28 00:00:00,5,14,Marinaccio,Sears,,02:34:00,N,33011,0.1,--,,0,1,6,30,16.666666666666664,"['Monday', ' May 8']",May 8
37,"Tuesday, May 9",boxscore,OAK,@,NYY,L,5,10,,2023-08-29 00:00:00,5,14,Schmidt,Rucinski,,02:44:00,N,33569,0.09,---,,0,1,6,31,16.216216216216218,"['Tuesday', ' May 9']",May 9
38,"Wednesday, May 10",boxscore,OAK,@,NYY,L,3,11,,2023-08-30 00:00:00,5,15,Cordero,Muller,García,02:47:00,D,40687,0.06,----,,0,1,6,32,15.789473684210526,"['Wednesday', ' May 10']",May 10
39,"Thursday, May 11",boxscore,OAK,,TEX,L,0,4,,2023-08-31 00:00:00,5,16,Eovaldi,Medina,Smith,02:16:00,N,2949,0.06,-----,,0,1,6,33,15.384615384615385,"['Thursday', ' May 11']",May 11
40,"Friday, May 12",boxscore,OAK,,TEX,W-wo,9,7,10.0,1931-09-01 00:00:00,5,15,Fujinami,Burke,,03:31:00,N,6575,0.04,+,,0,1,6,34,15.0,"['Friday', ' May 12']",May 12
41,"Saturday, May 13",boxscore,OAK,,TEX,L,0,5,,1932-09-01 00:00:00,5,16,Gray,Kaprielian,,02:18:00,D,8230,0.05,-,,0,1,6,35,14.634146341463413,"['Saturday', ' May 13']",May 13
42,"Sunday, May 14",boxscore,OAK,,TEX,L,3,11,,1933-09-01 00:00:00,5,17,Hernández,Pruitt,,02:46:00,D,7793,0.04,--,,0,1,6,36,14.285714285714285,"['Sunday', ' May 14']",May 14
43,"Monday, May 15",boxscore,OAK,,ARI,L,2,5,,1934-09-01 00:00:00,5,17,Kelly,Rucinski,Chafin,02:35:00,N,2064,0.03,---,,0,1,6,37,13.953488372093023,"['Monday', ' May 15']",May 15
44,"Tuesday, May 16",boxscore,OAK,,ARI,W-wo,9,8,12.0,1934-10-01 00:00:00,5,17,Pruitt,McGough,,04:09:00,N,3261,0.02,+,,0,1,6,38,13.636363636363635,"['Tuesday', ' May 16']",May 16
45,"Wednesday, May 17",boxscore,OAK,,ARI,L,3,5,,1935-10-01 00:00:00,5,17,Ruiz,Fujinami,Castro,02:51:00,D,4159,0.02,-,,0,1,6,39,13.333333333333334,"['Wednesday', ' May 17']",May 17
46,"Friday, May 19",boxscore,OAK,@,HOU,L,1,5,,1936-10-01 00:00:00,5,18,Bielak,Waldichuk,,02:48:00,N,34931,0.02,--,,0,1,6,40,13.043478260869565,"['Friday', ' May 19']",May 19
47,"Saturday, May 20",boxscore,OAK,@,HOU,L,2,3,,1937-10-01 00:00:00,5,19,Neris,Lovelady,Pressly,02:35:00,D,35475,0.01,---,,0,1,6,41,12.76595744680851,"['Saturday', ' May 20']",May 20
48,"Sunday, May 21",boxscore,OAK,@,HOU,L,0,2,,1938-10-01 00:00:00,5,20,Valdez,Kaprielian,,02:26:00,D,39820,0.01,----,,0,1,6,42,12.5,"['Sunday', ' May 21']",May 21
49,"Monday, May 22",boxscore,OAK,@,SEA,L,2,11,,1939-10-01 00:00:00,5,20,Castillo,Muller,,02:44:00,N,15418,0.01,-----,,0,1,6,43,12.244897959183673,"['Monday', ' May 22']",May 22
50,"Tuesday, May 23",boxscore,OAK,@,SEA,L,2,3,,1940-10-01 00:00:00,5,21,Gonzales,Medina,Sewald,02:19:00,N,15646,0.01,------,,0,1,6,44,12.0,"['Tuesday', ' May 23']",May 23
51,"Wednesday, May 24",boxscore,OAK,@,SEA,L,1,6,,1941-10-01 00:00:00,5,22,Miller,Waldichuk,,02:39:00,N,14899,0.0,-------,,0,1,6,45,11.76470588235294,"['Wednesday', ' May 24']",May 24
52,"Thursday, May 25",boxscore,OAK,@,SEA,L,2,3,,1942-10-01 00:00:00,5,22.5,Gilbert,Lovelady,Sewald,02:00:00,N,19268,0.0,--------,,0,1,6,46,11.538461538461538,"['Thursday', ' May 25']",May 25
53,"Friday, May 26",boxscore,OAK,,HOU,L,2,5,,1943-10-01 00:00:00,5,23.5,Brown,Kaprielian,Pressly,02:23:00,N,13345,0.0,---------,,0,1,6,47,11.320754716981133,"['Friday', ' May 26']",May 26
54,"Saturday, May 27",boxscore,OAK,,HOU,L,3,6,,1944-10-01 00:00:00,5,24.5,Valdez,Pruitt,Pressly,02:41:00,D,9293,0.0,----------,,0,1,6,48,11.11111111111111,"['Saturday', ' May 27']",May 27
55,"Sunday, May 28",boxscore,OAK,,HOU,L,1,10,,1945-10-01 00:00:00,5,24.5,Javier,Medina,,02:37:00,D,8809,0.0,-----------,,0,1,6,49,10.909090909090908,"['Sunday', ' May 28']",May 28
56,"Monday, May 29",boxscore,OAK,,ATL,W,7,2,,1945-11-01 00:00:00,5,24.5,Erceg,Soroka,,02:31:00,N,8556,0.0,+,,1,0,7,49,12.5,"['Monday', ' May 29']",May 29
57,"Tuesday, May 30",boxscore,OAK,,ATL,W-wo,2,1,,1945-12-01 00:00:00,5,24.5,Fujinami,Iglesias,,02:19:00,N,5116,0.0,++,,0,1,7,50,12.280701754385964,"['Tuesday', ' May 30']",May 30
58,"Wednesday, May 31",boxscore,OAK,,ATL,L,2,4,,1946-12-01 00:00:00,5,24.5,Shuster,Kaprielian,Iglesias,02:19:00,D,6429,0.0,-,,0,1,7,51,12.068965517241379,"['Wednesday', ' May 31']",May 31
59,"Friday, Jun 2",boxscore,OAK,@,MIA,L,0,4,,1947-12-01 00:00:00,5,25.5,Cabrera,Fujinami,,02:18:00,N,8582,0.0,--,,0,1,7,52,11.864406779661017,"['Friday', ' Jun 2']",Jun 2
60,"Saturday, Jun 3",boxscore,OAK,@,MIA,L,1,12,,1948-12-01 00:00:00,5,26.5,Pérez,Medina,Soriano,03:01:00,D,10649,0.0,---,,0,1,7,53,11.666666666666666,"['Saturday', ' Jun 3']",Jun 3
61,"Sunday, Jun 4",boxscore,OAK,@,MIA,L,5,7,,1949-12-01 00:00:00,5,27.5,Scott,Pruitt,Floro,02:36:00,D,12507,0.0,----,,0,1,7,54,11.475409836065573,"['Sunday', ' Jun 4']",Jun 4
62,"Monday, Jun 5",boxscore,OAK,@,PIT,L,4,5,,1950-12-01 00:00:00,5,28.5,Perdomo,Moll,Holderman,03:13:00,N,11566,0.0,-----,,0,1,7,55,11.29032258064516,"['Monday', ' Jun 5']",Jun 5
63,"Tuesday, Jun 6",boxscore,OAK,@,PIT,W,11,2,,13-50,5,28.5,Kaprielian,Keller,,02:46:00,N,13691,0.0,+,,1,0,8,55,12.698412698412698,"['Tuesday', ' Jun 6']",Jun 6
64,"Wednesday, Jun 7",boxscore,OAK,@,PIT,W,9,5,,14-50,5,27.5,Harris,Contreras,May,02:59:00,D,14550,0.0,++,,1,0,9,55,14.0625,"['Wednesday', ' Jun 7']",Jun 7
65,"Friday, Jun 9",boxscore,OAK,@,MIL,W,5,2,,15-50,5,26.5,Medina,Houser,May,03:00:00,N,30657,0.0,+++,,1,0,10,55,15.384615384615385,"['Friday', ' Jun 9']",Jun 9
66,"Saturday, Jun 10",boxscore,OAK,@,MIL,W,2,1,10.0,16-50,5,26.5,Fujinami,Payamps,Long,03:07:00,D,35157,0.0,++++,,1,0,11,55,16.666666666666664,"['Saturday', ' Jun 10']",Jun 10
67,"Sunday, Jun 11",boxscore,OAK,@,MIL,W,8,6,,17-50,5,25.5,Sears,Peralta,Long,03:19:00,D,31363,0.0,+++++,,1,0,12,55,17.91044776119403,"['Sunday', ' Jun 11']",Jun 11
68,"Monday, Jun 12",boxscore,OAK,,TBR,W,4,3,,18-50,5,24.5,Kaprielian,Eflin,Waldichuk,02:31:00,N,4848,0.0,++++++,,1,0,13,55,19.11764705882353,"['Monday', ' Jun 12']",Jun 12
69,"Tuesday, Jun 13",boxscore,OAK,,TBR,W,2,1,,19-50,5,23.5,Harris,Poche,May,02:19:00,N,27759,0.0,+++++++,,1,0,14,55,20.28985507246377,"['Tuesday', ' Jun 13']",Jun 13
70,"Wednesday, Jun 14",boxscore,OAK,,TBR,L,3,6,,19-51,5,24.5,Glasnow,Medina,Adam,02:56:00,N,7055,0.0,-,,0,1,14,56,20.0,"['Wednesday', ' Jun 14']",Jun 14
71,"Thursday, Jun 15",boxscore,OAK,,TBR,L,3,4,,19-52,5,24.5,Stephenson,Pruitt,Fairbanks,02:55:00,D,7133,0.0,--,,0,1,14,57,19.718309859154928,"['Thursday', ' Jun 15']",Jun 15
72,"Friday, Jun 16",boxscore,OAK,,PHI,L,1,6,,19-53,5,24.5,Walker,Sears,,02:21:00,N,16084,0.0,---,,0,1,14,58,19.444444444444446,"['Friday', ' Jun 16']",Jun 16
73,"Saturday, Jun 17",boxscore,OAK,,PHI,L,2,3,12.0,19-54,5,25.5,Vasquez,Waldichuk,Hoffman,03:27:00,D,12015,0.0,----,,0,1,14,59,19.17808219178082,"['Saturday', ' Jun 17']",Jun 17
74,"Sunday, Jun 18",boxscore,OAK,,PHI,L,2,3,,19-55,5,26.5,Wheeler,Harris,Marte,02:35:00,D,24326,0.0,-----,,0,1,14,60,18.91891891891892,"['Sunday', ' Jun 18']",Jun 18
75,"Tuesday, Jun 20",boxscore,OAK,@,CLE,L-wo,2,3,10.0,19-56,5,27,De Los Santos,May,,02:57:00,N,17773,0.0,------,,0,1,14,61,18.666666666666668,"['Tuesday', ' Jun 20']",Jun 20
76,"Wednesday, Jun 21",boxscore,OAK,@,CLE,L,6,7,,19-57,5,28,Morgan,Pruitt,Clase,02:45:00,N,17853,0.0,-------,,0,1,14,62,18.421052631578945,"['Wednesday', ' Jun 21']",Jun 21
77,"Thursday, Jun 22",boxscore,OAK,@,CLE,L,1,6,,19-58,5,28.5,Sandlin,Sears,,02:28:00,D,23969,0.0,--------,,0,1,14,63,18.181818181818183,"['Thursday', ' Jun 22']",Jun 22
78,"Friday, Jun 23",boxscore,OAK,@,TOR,W,5,4,,20-58,5,28.5,Erceg,Romano,May,02:27:00,N,34988,0.0,+,,1,0,15,63,19.230769230769234,"['Friday', ' Jun 23']",Jun 23
79,"Saturday, Jun 24",boxscore,OAK,@,TOR,L,3,7,,20-59,5,28.5,Berríos,Fujinami,Romano,02:43:00,D,41720,0.0,-,,0,1,15,64,18.9873417721519,"['Saturday', ' Jun 24']",Jun 24
80,"Sunday, Jun 25",boxscore,OAK,@,TOR,L,1,12,,20-60,5,28.5,Kikuchi,Medina,,02:36:00,D,41069,0.0,--,,0,1,15,65,18.75,"['Sunday', ' Jun 25']",Jun 25
81,"Tuesday, Jun 27",boxscore,OAK,,NYY,W,2,1,,21-60,5,28,Blackburn,Brito,Moll,02:36:00,N,13050,0.0,+,,1,0,16,65,19.753086419753085,"['Tuesday', ' Jun 27']",Jun 27
82,"Wednesday, Jun 28",boxscore,OAK,,NYY,L,0,11,,21-61,5,29,Germán,Sears,,02:30:00,N,12479,0.0,-,,0,1,16,66,19.51219512195122,"['Wednesday', ' Jun 28']",Jun 28
83,"Thursday, Jun 29",boxscore,OAK,,NYY,L,4,10,,21-62,5,29,Schmidt,Harris,,02:47:00,D,14718,0.0,--,,0,1,16,67,19.27710843373494,"['Thursday', ' Jun 29']",Jun 29
84,"Friday, Jun 30",boxscore,OAK,,CHW,W,7,4,,22-62,5,28,Medina,Banks,May,02:34:00,N,14181,0.0,+,,1,0,17,67,20.238095238095237,"['Friday', ' Jun 30']",Jun 30
85,"Saturday, Jul 1",boxscore,OAK,,CHW,W-wo,7,6,10.0,23-62,5,28,Fujinami,Graveman,,03:20:00,D,9235,0.0,++,,0,1,17,68,20.0,"['Saturday', ' Jul 1']",Jul 1
86,"Sunday, Jul 2",boxscore,OAK,,CHW,L,7,8,,23-63,5,28,Bummer,Blackburn,Santos,02:56:00,D,12107,0.0,-,,0,1,17,69,19.767441860465116,"['Sunday', ' Jul 2']",Jul 2
87,"Tuesday, Jul 4",boxscore,OAK,@,DET,W,1,0,10.0,24-63,5,27.5,Fujinami,Holton,May,02:33:00,N,26749,0.0,+,,1,0,18,69,20.689655172413794,"['Tuesday', ' Jul 4']",Jul 4
88,"Wednesday, Jul 5",boxscore,OAK,@,DET,W,12,3,,25-63,5,26.5,Waldichuk,Rodriguez,,02:35:00,N,15149,0.0,++,,1,0,19,69,21.59090909090909,"['Wednesday', ' Jul 5']",Jul 5
89,"Thursday, Jul 6",boxscore,OAK,@,DET,L,0,9,,25-64,5,26.5,Lorenzen,Harris,,02:18:00,D,15133,0.0,-,,0,1,19,70,21.34831460674157,"['Thursday', ' Jul 6']",Jul 6
90,"Friday, Jul 7",boxscore,OAK,@,BOS,L,3,7,,25-65,5,27.5,Pivetta,Long,,02:21:00,N,31157,0.0,--,,0,1,19,71,21.11111111111111,"['Friday', ' Jul 7']",Jul 7
91,"Saturday, Jul 8",boxscore,OAK,@,BOS,L,3,10,,25-66,5,27.5,Paxton,Pruitt,Walter,02:42:00,D,34087,0.0,---,,0,1,19,72,20.87912087912088,"['Saturday', ' Jul 8']",Jul 8
92,"Sunday, Jul 9",boxscore,OAK,@,BOS,L,3,4,,25-67,5,27.5,Martin,Waldichuk,Jansen,03:05:00,D,35460,0.0,----,,0,1,19,73,20.652173913043477,"['Sunday', ' Jul 9']",Jul 9
93,"Friday, Jul 14",boxscore,OAK,,MIN,L,4,5,,25-68,5,28.5,Jax,Fujinami,Duran,03:28:00,N,7923,0.0,-----,,0,1,19,74,20.43010752688172,"['Friday', ' Jul 14']",Jul 14
94,"Saturday, Jul 15",boxscore,OAK,,MIN,L,7,10,,25-69,5,29.5,Moran,Tarnok,Duran,03:06:00,D,10534,0.0,------,,0,1,19,75,20.212765957446805,"['Saturday', ' Jul 15']",Jul 15
95,"Sunday, Jul 16",boxscore,OAK,,MIN,L,4,5,,25-70,5,30.5,López,Erceg,Duran,02:48:00,D,9335,0.0,-------,,0,1,19,76,20.0,"['Sunday', ' Jul 16']",Jul 16
96,"Monday, Jul 17",boxscore,OAK,,BOS,L,0,7,,25-71,5,31.5,Pivetta,Blackburn,,02:37:00,N,9987,0.0,--------,,0,1,19,77,19.791666666666664,"['Monday', ' Jul 17']",Jul 17
97,"Tuesday, Jul 18",boxscore,OAK,,BOS,W,3,0,,26-71,5,31.5,Medina,Jacques,May,02:15:00,N,10115,0.0,+,,1,0,20,77,20.618556701030926,"['Tuesday', ' Jul 18']",Jul 18
98,"Wednesday, Jul 19",boxscore,OAK,,BOS,W,6,5,,27-71,5,31.5,Felipe,Bello,May,02:43:00,D,15023,0.0,++,,1,0,21,77,21.428571428571427,"['Wednesday', ' Jul 19']",Jul 19
99,"Thursday, Jul 20",boxscore,OAK,,HOU,L,1,3,,27-72,5,32,France,Harris,Pressly,02:12:00,N,4757,0.0,-,,0,1,21,78,21.21212121212121,"['Thursday', ' Jul 20']",Jul 20
100,"Friday, Jul 21",boxscore,OAK,,HOU,L,4,6,,27-73,5,32,Valdez,Sears,Pressly,02:40:00,N,6810,0.0,--,,0,1,21,79,21.0,"['Friday', ' Jul 21']",Jul 21
101,"Saturday, Jul 22",boxscore,OAK,,HOU,W,4,1,,28-73,5,31,Pruitt,Javier,May,02:57:00,N,14507,0.0,+,,1,0,22,79,21.782178217821784,"['Saturday', ' Jul 22']",Jul 22
102,"Sunday, Jul 23",boxscore,OAK,,HOU,L,2,3,,28-74,5,32,Neris,Smith,Abreu,02:36:00,D,11231,0.0,-,,0,1,22,80,21.568627450980394,"['Sunday', ' Jul 23']",Jul 23
